Quote,Author,Category,Günün Sözü,ID,Quote Date,Random Value,Settings,Source/Where?
A wise man proportions his belief to the evidence.,David Hume,Bilgelik,No,3,,841174,Settings (https://app.notion.com/p/Settings-14943b1db85c81148390c1de2da61e35?pvs=21),
"Courage means to keep working on a relationship, to continue seeking solutions to difficult problems, and to stay focused during stressful periods.",Denis Waitley,Cesaret,No,2,,219310,Settings (https://app.notion.com/p/Settings-14943b1db85c81148390c1de2da61e35?pvs=21),
The true secret of happiness lies in taking a genuine interest in all the details of daily life.,William Morris,Mutluluk,No,6,,895204,Settings (https://app.notion.com/p/Settings-14943b1db85c81148390c1de2da61e35?pvs=21),
"Sometimes your joy is the source of your smile, but sometimes your smile can be the source of your joy.",Thich Nhat Hanh,Mutluluk,No,1,,1000606,Settings (https://app.notion.com/p/Settings-14943b1db85c81148390c1de2da61e35?pvs=21),
We could never learn to be brave and patient if there were only joy in the world.,Helen Keller,Cesaret,No,7,,1906284,Settings (https://app.notion.com/p/Settings-14943b1db85c81148390c1de2da61e35?pvs=21),
The giving of love is an education in itself,Eleanor Roosevelt,Sevgi,No,4,,559324,Settings (https://app.notion.com/p/Settings-14943b1db85c81148390c1de2da61e35?pvs=21),
"Count your age by friends, not years. Count your life by smiles, not tears.",John Lennon,Mutluluk,No,5,,214426,Settings (https://app.notion.com/p/Settings-14943b1db85c81148390c1de2da61e35?pvs=21),
Happiness is a state of mind. It’s just according to the way you look at things.,Walt Disney,Mutluluk,No,9,,1763532,Settings (https://app.notion.com/p/Settings-14943b1db85c81148390c1de2da61e35?pvs=21),
Love is not about possession. Love is about appreciation,Osho,Sevgi,No,17,,2797914,Settings (https://app.notion.com/p/Settings-14943b1db85c81148390c1de2da61e35?pvs=21),
Happiness is the highest good.,Aristotle,Mutluluk,No,11,,2506346,Settings (https://app.notion.com/p/Settings-14943b1db85c81148390c1de2da61e35?pvs=21),
It is more fitting for a man to laugh at life than to lament over it.,Seneca,Mutluluk,No,16,,2300952,Settings (https://app.notion.com/p/Settings-14943b1db85c81148390c1de2da61e35?pvs=21),
Go confidently in the direction of your dreams. Live the life you have imagined,Henry David Thoreau,İlham,No,8,,522182,Settings (https://app.notion.com/p/Settings-14943b1db85c81148390c1de2da61e35?pvs=21),
"Love is when he gives you a piece of your soul, that you never knew was missing",Torquato Tasso,Sevgi,No,15,,2484226,Settings (https://app.notion.com/p/Settings-14943b1db85c81148390c1de2da61e35?pvs=21),
Turn your wounds into wisdom.,Oprah Winfrey,Bilgelik,No,13,,1823439,Settings (https://app.notion.com/p/Settings-14943b1db85c81148390c1de2da61e35?pvs=21),
He that composes himself is wiser than he that composes a book.,Benjamin Franklin,Bilgelik,No,14,,617598,Settings (https://app.notion.com/p/Settings-14943b1db85c81148390c1de2da61e35?pvs=21),
"Happiness grows at our own firesides, and is not to be picked in strangers’ gardens.",Douglas Jerrold,Mutluluk,No,12,,697382,Settings (https://app.notion.com/p/Settings-14943b1db85c81148390c1de2da61e35?pvs=21),
You cannot swim for new horizons until you have courage to lose sight of the shore.,William Faulkner,Cesaret,No,10,,2905450,Settings (https://app.notion.com/p/Settings-14943b1db85c81148390c1de2da61e35?pvs=21),
"If you want to fly, give up everything that weighs you down",Buddha,İlham,No,27,,2561762,Settings (https://app.notion.com/p/Settings-14943b1db85c81148390c1de2da61e35?pvs=21),
Don’t judge each day by the harvest you reap but by the seeds that you plant,Robert Louis Stevenson,İlham,No,23,,5836,Settings (https://app.notion.com/p/Settings-14943b1db85c81148390c1de2da61e35?pvs=21),
The desire for safety stands against every great and noble enterprise.,Tacitus,Bilgelik,No,25,,1022392,Settings (https://app.notion.com/p/Settings-14943b1db85c81148390c1de2da61e35?pvs=21),
"There is only one happiness in this life, to love and be loved.",George Sand,Mutluluk,No,19,,1517032,Settings (https://app.notion.com/p/Settings-14943b1db85c81148390c1de2da61e35?pvs=21),
The best way out is always through,Robert Frost,İlham,No,22,,2537730,Settings (https://app.notion.com/p/Settings-14943b1db85c81148390c1de2da61e35?pvs=21),
Love is the greatest refreshment in life,Pablo Picasso,Sevgi,No,26,,315348,Settings (https://app.notion.com/p/Settings-14943b1db85c81148390c1de2da61e35?pvs=21),
"Without courage, wisdom bears no fruit.",Baltasar Gracián,Cesaret,No,24,,885790,Settings (https://app.notion.com/p/Settings-14943b1db85c81148390c1de2da61e35?pvs=21),
Love cures people – both the ones who give it and the ones who receive it,Karl A. Menninger,Sevgi,No,18,,2084988,Settings (https://app.notion.com/p/Settings-14943b1db85c81148390c1de2da61e35?pvs=21),
A wise man never loses anything if he has himself.,Michel de Montaigne,Bilgelik,No,20,,1964184,Settings (https://app.notion.com/p/Settings-14943b1db85c81148390c1de2da61e35?pvs=21),
Have the courage to be disliked.,Ichiro Kishimi,Cesaret,No,28,,1665596,Settings (https://app.notion.com/p/Settings-14943b1db85c81148390c1de2da61e35?pvs=21),
Common sense in an uncommon degree is what the world calls wisdom.,Samuel Taylor Coleridge,Bilgelik,No,21,,1598716,Settings (https://app.notion.com/p/Settings-14943b1db85c81148390c1de2da61e35?pvs=21),
The pleasure which we most rarely experience gives us greatest delight.,Epictetus,Mutluluk,No,38,,55038,Settings (https://app.notion.com/p/Settings-14943b1db85c81148390c1de2da61e35?pvs=21),
Wonder is the beginning of wisdom.,Greek Proverb,Bilgelik,No,37,,697020,Settings (https://app.notion.com/p/Settings-14943b1db85c81148390c1de2da61e35?pvs=21),
What would life be if we had no courage to attempt anything,Vincent Van Gogh,İlham,No,35,,772384,Settings (https://app.notion.com/p/Settings-14943b1db85c81148390c1de2da61e35?pvs=21),
Be kind whenever possible. It is always possible.,Dalai Lama,Mutluluk,No,39,,1244354,Settings (https://app.notion.com/p/Settings-14943b1db85c81148390c1de2da61e35?pvs=21),
Whoever is happy will make others happy too.,Anne Frank,Mutluluk,No,31,,2053810,Settings (https://app.notion.com/p/Settings-14943b1db85c81148390c1de2da61e35?pvs=21),
"Love is an untamed force. When we try to control it, it destroys us",Paulo Coelho,Sevgi,No,29,,934242,Settings (https://app.notion.com/p/Settings-14943b1db85c81148390c1de2da61e35?pvs=21),
A happy soul is the best shield for a cruel world.,Atticus,Mutluluk,No,33,,1458416,Settings (https://app.notion.com/p/Settings-14943b1db85c81148390c1de2da61e35?pvs=21),
Love is that condition in which the happiness of another person is essential to your own,Robert A. Heinlein,Sevgi,No,36,,1771352,Settings (https://app.notion.com/p/Settings-14943b1db85c81148390c1de2da61e35?pvs=21),
Patience is the companion of wisdom.,Saint Augustine,Bilgelik,No,30,,316584,Settings (https://app.notion.com/p/Settings-14943b1db85c81148390c1de2da61e35?pvs=21),
Happiness is a state of activity.,Aristotle,Mutluluk,No,32,,2558166,Settings (https://app.notion.com/p/Settings-14943b1db85c81148390c1de2da61e35?pvs=21),
To love someone is to see a miracle invisible to others,Francois Mauriac,Sevgi,No,34,,1265914,Settings (https://app.notion.com/p/Settings-14943b1db85c81148390c1de2da61e35?pvs=21),
"You can choose courage, or you can choose comfort, but you cannot choose both.",Brené Brown,Cesaret,No,47,,1062418,Settings (https://app.notion.com/p/Settings-14943b1db85c81148390c1de2da61e35?pvs=21),
"Real courage is when you know you're licked before you begin, but you begin anyway and see it through no matter what.",Harper Lee,Cesaret,No,45,,1165630,Settings (https://app.notion.com/p/Settings-14943b1db85c81148390c1de2da61e35?pvs=21),
"If you are not willing to risk the usual, you will have to settle for the ordinary.",Jim Rohn,Başarı,No,50,,2643232,Settings (https://app.notion.com/p/Settings-14943b1db85c81148390c1de2da61e35?pvs=21),
Love is what you've been through with somebody,James Thurber,Sevgi,No,43,,1943248,Settings (https://app.notion.com/p/Settings-14943b1db85c81148390c1de2da61e35?pvs=21),
Success is not to be pursued; it is to be attracted by the person you become.,Jim Rohn,Başarı,No,51,,663488,Settings (https://app.notion.com/p/Settings-14943b1db85c81148390c1de2da61e35?pvs=21),
Success comes from having dreams that are bigger than your fears.,Bobby Unser,Başarı,No,46,,262124,Settings (https://app.notion.com/p/Settings-14943b1db85c81148390c1de2da61e35?pvs=21),
"The harder the conflict, the greater the triumph",George Washington,İlham,No,42,,1155880,Settings (https://app.notion.com/p/Settings-14943b1db85c81148390c1de2da61e35?pvs=21),
It takes courage to grow up and become who you really are.,E.E. Cummings,Cesaret,No,44,,26030,Settings (https://app.notion.com/p/Settings-14943b1db85c81148390c1de2da61e35?pvs=21),
"Don’t cry because it’s over, smile because it happened.",Dr. Seuss,Mutluluk,No,48,,1903352,Settings (https://app.notion.com/p/Settings-14943b1db85c81148390c1de2da61e35?pvs=21),
"To acquire knowledge, one must study; but to acquire wisdom, one must observe.",Marilyn vos Savant,Bilgelik,No,49,,2482538,Settings (https://app.notion.com/p/Settings-14943b1db85c81148390c1de2da61e35?pvs=21),
One person with courage makes a majority.,Thomas Jefferson,Cesaret,No,40,,1047886,Settings (https://app.notion.com/p/Settings-14943b1db85c81148390c1de2da61e35?pvs=21),
Courage is the price that life exacts for granting peace.,Amelia Earhart,Cesaret,No,41,,2724084,Settings (https://app.notion.com/p/Settings-14943b1db85c81148390c1de2da61e35?pvs=21),
"Love doesn't just sit there, like a stone, it has to be made, like bread; remade all the time, made new",Ursula K. Le Guin,Sevgi,No,60,,2951604,Settings (https://app.notion.com/p/Settings-14943b1db85c81148390c1de2da61e35?pvs=21),
"Love is like a beautiful flower which I may not touch, but whose fragrance makes the garden a place of delight just the same",Helen Keller,Sevgi,No,53,,223308,Settings (https://app.notion.com/p/Settings-14943b1db85c81148390c1de2da61e35?pvs=21),
A successful man is one who can lay a firm foundation with the bricks others have thrown at him.,David Brinkley,Başarı,No,54,,990560,Settings (https://app.notion.com/p/Settings-14943b1db85c81148390c1de2da61e35?pvs=21),
"The more difficult the victory, the greater the happiness in winning",Pele,İlham,No,57,,2724028,Settings (https://app.notion.com/p/Settings-14943b1db85c81148390c1de2da61e35?pvs=21),
"The way of a fool is right in his own eyes, but a wise man listens to counsel.",Proverbs 12:15,Bilgelik,No,59,,1363050,Settings (https://app.notion.com/p/Settings-14943b1db85c81148390c1de2da61e35?pvs=21),
Never mistake knowledge for wisdom. One helps you make a living; the other helps you make a life.,Sandra Carey,Bilgelik,No,55,,1365074,Settings (https://app.notion.com/p/Settings-14943b1db85c81148390c1de2da61e35?pvs=21),
It always seems impossible until it’s done,Nelson Mandela,İlham,No,58,,1573700,Settings (https://app.notion.com/p/Settings-14943b1db85c81148390c1de2da61e35?pvs=21),
The road to success and the road to failure are almost exactly the same.,Colin R. Davis,Başarı,No,61,,1350960,Settings (https://app.notion.com/p/Settings-14943b1db85c81148390c1de2da61e35?pvs=21),
A life lived in love will never be dull,Leo Buscaglia,Sevgi,No,52,,339274,Settings (https://app.notion.com/p/Settings-14943b1db85c81148390c1de2da61e35?pvs=21),
We must dare to be great; and we must realize that greatness is the fruit of toil and sacrifice and high courage.,Theodore Roosevelt,Cesaret,No,56,,1901736,Settings (https://app.notion.com/p/Settings-14943b1db85c81148390c1de2da61e35?pvs=21),
Cowards die many times before their deaths; the valiant never taste of death but once.,William Shakespeare,Cesaret,No,69,,2262890,Settings (https://app.notion.com/p/Settings-14943b1db85c81148390c1de2da61e35?pvs=21),
Love is the whole thing. We are only pieces,Rumi,Sevgi,No,68,,555956,Settings (https://app.notion.com/p/Settings-14943b1db85c81148390c1de2da61e35?pvs=21),
Your success and happiness lie in you.,Helen Keller,Başarı,No,72,,2461384,Settings (https://app.notion.com/p/Settings-14943b1db85c81148390c1de2da61e35?pvs=21),
"I learned that courage was not the absence of fear, but the triumph over it.",Nelson Mandela,Cesaret,No,65,,278594,Settings (https://app.notion.com/p/Settings-14943b1db85c81148390c1de2da61e35?pvs=21),
Action is the foundational key to all success,Pablo Picasso,İlham,No,70,,1528940,Settings (https://app.notion.com/p/Settings-14943b1db85c81148390c1de2da61e35?pvs=21),
Love is a great master. It teaches us to be what we never were,Molière,Sevgi,No,66,,2114154,Settings (https://app.notion.com/p/Settings-14943b1db85c81148390c1de2da61e35?pvs=21),
"Strive not to be a success, but rather to be of value.",Albert Einstein,Başarı,No,62,,1269722,Settings (https://app.notion.com/p/Settings-14943b1db85c81148390c1de2da61e35?pvs=21),
We must build dikes of courage to hold back the flood of fear.,Martin Luther King Jr.,Cesaret,No,63,,2707198,Settings (https://app.notion.com/p/Settings-14943b1db85c81148390c1de2da61e35?pvs=21),
Fortune favors the bold.,Virgil,Cesaret,No,67,,1899164,Settings (https://app.notion.com/p/Settings-14943b1db85c81148390c1de2da61e35?pvs=21),
"Love begins at home, and it is not how much we do... but how much love we put in that action",Mother Teresa,Sevgi,No,64,,659396,Settings (https://app.notion.com/p/Settings-14943b1db85c81148390c1de2da61e35?pvs=21),
He that respects himself is safe from others; he wears a coat of mail that none can pierce.,Henry Wadsworth Longfellow,Bilgelik,No,71,,2207308,Settings (https://app.notion.com/p/Settings-14943b1db85c81148390c1de2da61e35?pvs=21),
"Where there is great love, there are always miracles",Willa Cather,Sevgi,No,76,,417786,Settings (https://app.notion.com/p/Settings-14943b1db85c81148390c1de2da61e35?pvs=21),
"There is some kind of a sweet innocence in being human—in not having to be just happy or just sad—in the nature of being able to be both broken and whole, at the same time.",C. JoyBell C.,Mutluluk,No,75,,1057700,Settings (https://app.notion.com/p/Settings-14943b1db85c81148390c1de2da61e35?pvs=21),
Happiness consists more in conveniences of pleasure that occur every day than in great pieces of good fortune that happen but seldom.,Benjamin Franklin,Mutluluk,No,73,,1879242,Settings (https://app.notion.com/p/Settings-14943b1db85c81148390c1de2da61e35?pvs=21),
Wise men don't need advice. Fools won't take it.,Benjamin Franklin,Bilgelik,No,81,,426522,Settings (https://app.notion.com/p/Settings-14943b1db85c81148390c1de2da61e35?pvs=21),
Courage is found in unlikely places.,J.R.R. Tolkien,Cesaret,No,74,,2678254,Settings (https://app.notion.com/p/Settings-14943b1db85c81148390c1de2da61e35?pvs=21),
"If you hear a voice within you say 'you cannot paint,' then by all means paint and that voice will be silenced",Vincent Van Gogh,İlham,No,77,,2382080,Settings (https://app.notion.com/p/Settings-14943b1db85c81148390c1de2da61e35?pvs=21),
Happiness is holding someone in your arms and knowing you hold the whole world.,Orhan Pamuk,Mutluluk,No,82,,1293480,Settings (https://app.notion.com/p/Settings-14943b1db85c81148390c1de2da61e35?pvs=21),
"We are made wise not by the recollection of our past, but by the responsibility for our future.",George Bernard Shaw,Bilgelik,No,79,,362546,Settings (https://app.notion.com/p/Settings-14943b1db85c81148390c1de2da61e35?pvs=21),
"We do not receive wisdom, we must discover it for ourselves.",Marcel Proust,Bilgelik,No,80,,3020170,Settings (https://app.notion.com/p/Settings-14943b1db85c81148390c1de2da61e35?pvs=21),
"If you want something you’ve never had, you must be willing to do something you’ve never done",Thomas Jefferson,İlham,No,78,,2870082,Settings (https://app.notion.com/p/Settings-14943b1db85c81148390c1de2da61e35?pvs=21),
Happiness lies in the joy of achievement and the thrill of creative effort.,Franklin D. Roosevelt,Mutluluk,No,91,,1057088,Settings (https://app.notion.com/p/Settings-14943b1db85c81148390c1de2da61e35?pvs=21),
We must embrace pain and burn it as fuel for our journey,Kenji Miyazawa,İlham,No,89,,2444394,Settings (https://app.notion.com/p/Settings-14943b1db85c81148390c1de2da61e35?pvs=21),
Wisdom is not a product of schooling but of the lifelong attempt to acquire it.,Albert Einstein,Bilgelik,No,86,,466978,Settings (https://app.notion.com/p/Settings-14943b1db85c81148390c1de2da61e35?pvs=21),
Leap and the net will appear.,John Burroughs,Cesaret,No,87,,2232778,Settings (https://app.notion.com/p/Settings-14943b1db85c81148390c1de2da61e35?pvs=21),
The best revenge is massive success,Frank Sinatra,İlham,No,84,,1474358,Settings (https://app.notion.com/p/Settings-14943b1db85c81148390c1de2da61e35?pvs=21),
The art of being wise is knowing what to overlook.,William James,Bilgelik,No,93,,790020,Settings (https://app.notion.com/p/Settings-14943b1db85c81148390c1de2da61e35?pvs=21),
The only thing we have to fear is fear itself.,Franklin D. Roosevelt,Cesaret,No,85,,2156350,Settings (https://app.notion.com/p/Settings-14943b1db85c81148390c1de2da61e35?pvs=21),
Love is an act of endless forgiveness,Peter Ustinov,Sevgi,No,90,,2124242,Settings (https://app.notion.com/p/Settings-14943b1db85c81148390c1de2da61e35?pvs=21),
The greatest happiness is to know the source of unhappiness.,Fyodor Dostoevsky,Mutluluk,No,88,,2479594,Settings (https://app.notion.com/p/Settings-14943b1db85c81148390c1de2da61e35?pvs=21),
"Patience, persistence and perspiration make an unbeatable combination for success.",Napoleon Hill,Başarı,No,83,,2771522,Settings (https://app.notion.com/p/Settings-14943b1db85c81148390c1de2da61e35?pvs=21),
Courage is grace under pressure.,Ernest Hemingway,Cesaret,No,92,,183022,Settings (https://app.notion.com/p/Settings-14943b1db85c81148390c1de2da61e35?pvs=21),
Man is wise and constantly in quest of more wisdom.,Mahatma Gandhi,Bilgelik,No,100,,1841690,Settings (https://app.notion.com/p/Settings-14943b1db85c81148390c1de2da61e35?pvs=21),
"Your time is limited, so don’t waste it living someone else’s life",Steve Jobs,İlham,No,103,,3001898,Settings (https://app.notion.com/p/Settings-14943b1db85c81148390c1de2da61e35?pvs=21),
"Love is the strongest force the world possesses, and yet it is the humblest imaginable",Mahatma Gandhi,Sevgi,No,101,,2201552,Settings (https://app.notion.com/p/Settings-14943b1db85c81148390c1de2da61e35?pvs=21),
"Success is simple. Do what’s right, the right way, at the right time.",Arnold H. Glasow,Başarı,No,97,,1426220,Settings (https://app.notion.com/p/Settings-14943b1db85c81148390c1de2da61e35?pvs=21),
What you get by achieving your goals is not as important as what you become by achieving your goals,Zig Ziglar,İlham,No,98,,2306504,Settings (https://app.notion.com/p/Settings-14943b1db85c81148390c1de2da61e35?pvs=21),
Hardships often prepare ordinary people for an extraordinary destiny,C.S. Lewis,İlham,No,99,,2414504,Settings (https://app.notion.com/p/Settings-14943b1db85c81148390c1de2da61e35?pvs=21),
A loving heart is the truest wisdom,Charles Dickens,Sevgi,No,96,,883650,Settings (https://app.notion.com/p/Settings-14943b1db85c81148390c1de2da61e35?pvs=21),
"Success is a journey, not a destination. The doing is often more important than the outcome.",Arthur Ashe,Başarı,No,102,,153208,Settings (https://app.notion.com/p/Settings-14943b1db85c81148390c1de2da61e35?pvs=21),
"If you are not afraid of dying, there is nothing you cannot achieve.",Lao Tzu,Cesaret,No,94,,1956742,Settings (https://app.notion.com/p/Settings-14943b1db85c81148390c1de2da61e35?pvs=21),
"The difference between a successful person and others is not a lack of strength, not a lack of knowledge, but rather a lack in will.",Vince Lombardi,Başarı,No,104,,2061542,Settings (https://app.notion.com/p/Settings-14943b1db85c81148390c1de2da61e35?pvs=21),
Success usually comes to those who are too busy to be looking for it.,Henry David Thoreau,Başarı,No,95,,1847022,Settings (https://app.notion.com/p/Settings-14943b1db85c81148390c1de2da61e35?pvs=21),
Motivation is what gets you started. Habit is what keeps you going,Jim Rohn,İlham,No,108,,1548458,Settings (https://app.notion.com/p/Settings-14943b1db85c81148390c1de2da61e35?pvs=21),
People rarely succeed unless they have fun in what they are doing.,Dale Carnegie,Başarı,No,115,,146912,Settings (https://app.notion.com/p/Settings-14943b1db85c81148390c1de2da61e35?pvs=21),
The successful person makes a habit of doing what the failing person doesn’t like to do.,Thomas Edison,Başarı,No,110,,1456402,Settings (https://app.notion.com/p/Settings-14943b1db85c81148390c1de2da61e35?pvs=21),
"If opportunity doesn’t knock, build a door",Milton Berle,İlham,No,114,,180354,Settings (https://app.notion.com/p/Settings-14943b1db85c81148390c1de2da61e35?pvs=21),
Life without love is like a tree without blossoms or fruit,Khalil Gibran,Sevgi,No,109,,112380,Settings (https://app.notion.com/p/Settings-14943b1db85c81148390c1de2da61e35?pvs=21),
"Love all, trust a few, do wrong to none",William Shakespeare,Sevgi,No,111,,813186,Settings (https://app.notion.com/p/Settings-14943b1db85c81148390c1de2da61e35?pvs=21),
"To love is to burn, to be on fire",Jane Austen,Sevgi,No,112,,1624688,Settings (https://app.notion.com/p/Settings-14943b1db85c81148390c1de2da61e35?pvs=21),
Don't wait. The time will never be just right,Napoleon Hill,İlham,No,107,,1947160,Settings (https://app.notion.com/p/Settings-14943b1db85c81148390c1de2da61e35?pvs=21),
Only those who will risk going too far can possibly find out how far one can go.,T.S. Eliot,Cesaret,No,106,,571396,Settings (https://app.notion.com/p/Settings-14943b1db85c81148390c1de2da61e35?pvs=21),
Love makes your soul crawl out from its hiding place,Zora Neale Hurston,Sevgi,No,113,,895662,Settings (https://app.notion.com/p/Settings-14943b1db85c81148390c1de2da61e35?pvs=21),
The doorstep to the temple of wisdom is a knowledge of our own ignorance.,Benjamin Franklin,Bilgelik,No,105,,2282642,Settings (https://app.notion.com/p/Settings-14943b1db85c81148390c1de2da61e35?pvs=21),
Love is not love which alters when it alteration finds,William Shakespeare,Sevgi,No,119,,860508,Settings (https://app.notion.com/p/Settings-14943b1db85c81148390c1de2da61e35?pvs=21),
Judge your success by what you had to give up in order to get it.,Dalai Lama,Başarı,No,125,,1408664,Settings (https://app.notion.com/p/Settings-14943b1db85c81148390c1de2da61e35?pvs=21),
It does not matter how slowly you go as long as you do not stop,Confucius,İlham,No,121,,1456238,Settings (https://app.notion.com/p/Settings-14943b1db85c81148390c1de2da61e35?pvs=21),
The greatest happiness of life is the conviction that we are loved,Victor Hugo,Sevgi,No,118,,1301434,Settings (https://app.notion.com/p/Settings-14943b1db85c81148390c1de2da61e35?pvs=21),
You must do the thing you think you cannot do.,Eleanor Roosevelt,Cesaret,No,116,,247900,Settings (https://app.notion.com/p/Settings-14943b1db85c81148390c1de2da61e35?pvs=21),
Failure will never overtake me if my determination to succeed is strong enough,Og Mandino,İlham,No,123,,131766,Settings (https://app.notion.com/p/Settings-14943b1db85c81148390c1de2da61e35?pvs=21),
The best proof of love is trust,Joyce Brothers,Sevgi,No,124,,866418,Settings (https://app.notion.com/p/Settings-14943b1db85c81148390c1de2da61e35?pvs=21),
Do not wait to strike till the iron is hot; but make it hot by striking,William Butler Yeats,İlham,No,126,,3073026,Settings (https://app.notion.com/p/Settings-14943b1db85c81148390c1de2da61e35?pvs=21),
A fool sees not the same tree that a wise man sees.,William Blake,Bilgelik,No,117,,223324,Settings (https://app.notion.com/p/Settings-14943b1db85c81148390c1de2da61e35?pvs=21),
Love is a game that two can play and both win,Eva Gabor,Sevgi,No,122,,1110504,Settings (https://app.notion.com/p/Settings-14943b1db85c81148390c1de2da61e35?pvs=21),
Love is the beauty of the soul,Saint Augustine,Sevgi,No,120,,1295648,Settings (https://app.notion.com/p/Settings-14943b1db85c81148390c1de2da61e35?pvs=21),
"The more sand has escaped from the hourglass of our life, the clearer we should see through it.",Jean-Paul Sartre,Bilgelik,No,137,,1882916,Settings (https://app.notion.com/p/Settings-14943b1db85c81148390c1de2da61e35?pvs=21),
He who has a why to live can bear almost any how.,Friedrich Nietzsche,Bilgelik,No,131,,2242070,Settings (https://app.notion.com/p/Settings-14943b1db85c81148390c1de2da61e35?pvs=21),
"Knowledge comes, but wisdom lingers.",Alfred Lord Tennyson,Bilgelik,No,136,,1496580,Settings (https://app.notion.com/p/Settings-14943b1db85c81148390c1de2da61e35?pvs=21),
"If you can dream it, you can do it",Walt Disney,İlham,No,128,,476626,Settings (https://app.notion.com/p/Settings-14943b1db85c81148390c1de2da61e35?pvs=21),
"Success doesn’t come from what you do occasionally, it comes from what you do consistently.",Marie Forleo,Başarı,No,135,,2664126,Settings (https://app.notion.com/p/Settings-14943b1db85c81148390c1de2da61e35?pvs=21),
The art of being wise is the art of knowing what to overlook.,William James,Bilgelik,No,138,,2020550,Settings (https://app.notion.com/p/Settings-14943b1db85c81148390c1de2da61e35?pvs=21),
The only way to find true happiness is to risk being completely cut open.,Chuck Palahniuk,Mutluluk,No,129,,753300,Settings (https://app.notion.com/p/Settings-14943b1db85c81148390c1de2da61e35?pvs=21),
Courage is being scared to death but saddling up anyway.,John Wayne,Cesaret,No,130,,873122,Settings (https://app.notion.com/p/Settings-14943b1db85c81148390c1de2da61e35?pvs=21),
"When something is important enough, you do it even if the odds are not in your favor",Elon Musk,İlham,No,134,,2347816,Settings (https://app.notion.com/p/Settings-14943b1db85c81148390c1de2da61e35?pvs=21),
Be happy for this moment. This moment is your life.,Omar Khayyam,Mutluluk,No,127,,1872340,Settings (https://app.notion.com/p/Settings-14943b1db85c81148390c1de2da61e35?pvs=21),
"Happiness is found in doing, not merely possessing.",Napoleon Hill,Mutluluk,No,133,,1202230,Settings (https://app.notion.com/p/Settings-14943b1db85c81148390c1de2da61e35?pvs=21),
All human wisdom is summed up in two words: wait and hope.,Alexandre Dumas,Bilgelik,No,132,,1909270,Settings (https://app.notion.com/p/Settings-14943b1db85c81148390c1de2da61e35?pvs=21),
"Don’t count the days, make the days count.",Muhammad Ali,Başarı,No,141,,602832,Settings (https://app.notion.com/p/Settings-14943b1db85c81148390c1de2da61e35?pvs=21),
"True happiness is not attained through self-gratification, but through fidelity to a worthy purpose.",Helen Keller,Mutluluk,No,140,,78252,Settings (https://app.notion.com/p/Settings-14943b1db85c81148390c1de2da61e35?pvs=21),
A great obstacle to happiness is to expect too much happiness.,Bernard de Fontenelle,Mutluluk,No,145,,1756198,Settings (https://app.notion.com/p/Settings-14943b1db85c81148390c1de2da61e35?pvs=21),
"The young man knows the rules, but the old man knows the exceptions.",Oliver Wendell Holmes,Bilgelik,No,146,,1570886,Settings (https://app.notion.com/p/Settings-14943b1db85c81148390c1de2da61e35?pvs=21),
People who are crazy enough to think they can change the world are the ones who do,Rob Siltanen,İlham,No,148,,2928172,Settings (https://app.notion.com/p/Settings-14943b1db85c81148390c1de2da61e35?pvs=21),
"Love is the voice under all silences, the hope which has no opposite in fear",e.e. cummings,Sevgi,No,149,,2080894,Settings (https://app.notion.com/p/Settings-14943b1db85c81148390c1de2da61e35?pvs=21),
The wisest mind has something yet to learn.,George Santayana,Bilgelik,No,139,,2208412,Settings (https://app.notion.com/p/Settings-14943b1db85c81148390c1de2da61e35?pvs=21),
"It is not the man who has too little, but the man who craves more, that is poor.",Seneca,Bilgelik,No,144,,1921617,Settings (https://app.notion.com/p/Settings-14943b1db85c81148390c1de2da61e35?pvs=21),
Love is the only gold,Alfred Lord Tennyson,Sevgi,No,143,,1697838,Settings (https://app.notion.com/p/Settings-14943b1db85c81148390c1de2da61e35?pvs=21),
What’s money? A man is a success if he gets up in the morning and goes to bed at night and in between does what he wants to do.,Bob Dylan,Başarı,No,147,,979408,Settings (https://app.notion.com/p/Settings-14943b1db85c81148390c1de2da61e35?pvs=21),
The only fence against the world is a thorough knowledge of it.,John Locke,Bilgelik,No,142,,1742328,Settings (https://app.notion.com/p/Settings-14943b1db85c81148390c1de2da61e35?pvs=21),
Life is 10% what happens to us and 90% how we react to it,Charles R. Swindoll,İlham,No,158,,1143248,Settings (https://app.notion.com/p/Settings-14943b1db85c81148390c1de2da61e35?pvs=21),
"Love is like the wind, you can't see it but you can feel it",Nicholas Sparks,Sevgi,No,151,,1893750,Settings (https://app.notion.com/p/Settings-14943b1db85c81148390c1de2da61e35?pvs=21),
We can know only that we know nothing. And that is the highest degree of human wisdom.,Leo Tolstoy,Bilgelik,No,154,,5536,Settings (https://app.notion.com/p/Settings-14943b1db85c81148390c1de2da61e35?pvs=21),
"If you want to be successful, find out what the price is and then pay it.",Scott Adam,Başarı,No,152,,80578,Settings (https://app.notion.com/p/Settings-14943b1db85c81148390c1de2da61e35?pvs=21),
The key to being happy is knowing you have the power to choose what to accept and what to let go.,Dodinsky,Mutluluk,No,156,,1032484,Settings (https://app.notion.com/p/Settings-14943b1db85c81148390c1de2da61e35?pvs=21),
Happiness can exist only in acceptance.,George Orwell,Mutluluk,No,157,,2436010,Settings (https://app.notion.com/p/Settings-14943b1db85c81148390c1de2da61e35?pvs=21),
"Faced with what is right, to leave it undone shows a lack of courage.",Confucius,Cesaret,No,150,,764042,Settings (https://app.notion.com/p/Settings-14943b1db85c81148390c1de2da61e35?pvs=21),
"Difficulties in life are intended to make us better, not bitter",Dan Reeves,İlham,No,155,,1581556,Settings (https://app.notion.com/p/Settings-14943b1db85c81148390c1de2da61e35?pvs=21),
The journey of a thousand miles begins with one step.,Lao Tzu,Bilgelik,No,153,,1376024,Settings (https://app.notion.com/p/Settings-14943b1db85c81148390c1de2da61e35?pvs=21),
Wisdom is not wisdom when it is derived from books alone.,Horace,Bilgelik,No,159,,2019456,Settings (https://app.notion.com/p/Settings-14943b1db85c81148390c1de2da61e35?pvs=21),
"The real test is not whether you avoid this failure, because you won’t. It’s whether you let it harden or shame you into inaction, or whether you learn from it; whether you choose to persevere.",Barack Obama,Başarı,No,170,,1826088,Settings (https://app.notion.com/p/Settings-14943b1db85c81148390c1de2da61e35?pvs=21),
Develop success from failures. Discouragement and failure are two of the surest stepping stones to success.,Dale Carnegie,Başarı,No,165,,910054,Settings (https://app.notion.com/p/Settings-14943b1db85c81148390c1de2da61e35?pvs=21),
Great things are done by a series of small things brought together,Vincent Van Gogh,İlham,No,163,,75590,Settings (https://app.notion.com/p/Settings-14943b1db85c81148390c1de2da61e35?pvs=21),
Happiness is the interval between periods of unhappiness.,Don Marquis,Mutluluk,No,167,,1715194,Settings (https://app.notion.com/p/Settings-14943b1db85c81148390c1de2da61e35?pvs=21),
Love is the expansion of two natures in such fashion that each include the other,Felix Adler,Sevgi,No,169,,1592910,Settings (https://app.notion.com/p/Settings-14943b1db85c81148390c1de2da61e35?pvs=21),
"By three methods we may learn wisdom: First, by reflection, which is noblest; Second, by imitation, which is easiest; and third by experience, which is the bitterest.",Confucius,Bilgelik,No,168,,1177244,Settings (https://app.notion.com/p/Settings-14943b1db85c81148390c1de2da61e35?pvs=21),
It takes as much courage to have tried and failed as it does to have tried and succeeded.,Anne Morrow Lindbergh,Cesaret,No,161,,1217930,Settings (https://app.notion.com/p/Settings-14943b1db85c81148390c1de2da61e35?pvs=21),
"You yourself, as much as anybody in the entire universe, deserve your love and affection",Buddha,Sevgi,No,164,,1172536,Settings (https://app.notion.com/p/Settings-14943b1db85c81148390c1de2da61e35?pvs=21),
The best thing to hold onto in life is each other,Audrey Hepburn,Sevgi,No,160,,2954170,Settings (https://app.notion.com/p/Settings-14943b1db85c81148390c1de2da61e35?pvs=21),
"Success is not the key to happiness. Happiness is the key to success. If you love what you are doing, you will be successful.",Albert Schweitzer,Başarı,No,166,,1145452,Settings (https://app.notion.com/p/Settings-14943b1db85c81148390c1de2da61e35?pvs=21),
One man with courage makes a majority.,Andrew Jackson,Cesaret,No,162,,2845302,Settings (https://app.notion.com/p/Settings-14943b1db85c81148390c1de2da61e35?pvs=21),
Love isn't something you find. Love is something that finds you,Loretta Young,Sevgi,No,174,,122078,Settings (https://app.notion.com/p/Settings-14943b1db85c81148390c1de2da61e35?pvs=21),
The only thing standing between you and your goal is the story you keep telling yourself as to why you can’t achieve it,Jordan Belfort,İlham,No,172,,1590392,Settings (https://app.notion.com/p/Settings-14943b1db85c81148390c1de2da61e35?pvs=21),
"Opportunities don't happen, you create them",Chris Grosser,İlham,No,171,,1695870,Settings (https://app.notion.com/p/Settings-14943b1db85c81148390c1de2da61e35?pvs=21),
For every minute you are angry you lose sixty seconds of happiness.,Ralph Waldo Emerson,Mutluluk,No,175,,1526470,Settings (https://app.notion.com/p/Settings-14943b1db85c81148390c1de2da61e35?pvs=21),
"Success is not measured by what you accomplish, but by the opposition you have encountered and the courage with which you have maintained the struggle against overwhelming odds.",Orison Swett Marden,Başarı,No,177,,817406,Settings (https://app.notion.com/p/Settings-14943b1db85c81148390c1de2da61e35?pvs=21),
"You gain strength, courage, and confidence by every experience in which you really stop to look fear in the face.",Eleanor Roosevelt,Cesaret,No,180,,2314570,Settings (https://app.notion.com/p/Settings-14943b1db85c81148390c1de2da61e35?pvs=21),
"The secret of happiness is freedom, and the secret of freedom is courage.",Thucydides,Mutluluk,No,178,,939270,Settings (https://app.notion.com/p/Settings-14943b1db85c81148390c1de2da61e35?pvs=21),
You cannot protect yourself from sadness without protecting yourself from happiness.,Jonathan Safran Foer,Mutluluk,No,176,,93806,Settings (https://app.notion.com/p/Settings-14943b1db85c81148390c1de2da61e35?pvs=21),
"I find that the harder I work, the more luck I seem to have.",Thomas Jefferson,Başarı,No,179,,962762,Settings (https://app.notion.com/p/Settings-14943b1db85c81148390c1de2da61e35?pvs=21),
Happiness is not something ready-made. It comes from your own actions.,Dalai Lama,Mutluluk,No,181,,2720676,Settings (https://app.notion.com/p/Settings-14943b1db85c81148390c1de2da61e35?pvs=21),
The only limit to our realization of tomorrow is our doubts of today,Franklin D. Roosevelt,İlham,No,173,,2765730,Settings (https://app.notion.com/p/Settings-14943b1db85c81148390c1de2da61e35?pvs=21),
All our dreams can come true if we have the courage to pursue them.,Walt Disney,Cesaret,No,187,,1890200,Settings (https://app.notion.com/p/Settings-14943b1db85c81148390c1de2da61e35?pvs=21),
Success is the progressive realization of a worthy goal or ideal.,Earl Nightingale,Başarı,No,182,,104258,Settings (https://app.notion.com/p/Settings-14943b1db85c81148390c1de2da61e35?pvs=21),
Knowing yourself is the beginning of all wisdom.,Aristotle,Bilgelik,No,188,,63468,Settings (https://app.notion.com/p/Settings-14943b1db85c81148390c1de2da61e35?pvs=21),
The best way to cheer yourself is to try to cheer someone else up.,Mark Twain,Mutluluk,No,189,,1018176,Settings (https://app.notion.com/p/Settings-14943b1db85c81148390c1de2da61e35?pvs=21),
"Happiness is a direction, not a place.",Sydney J. Harris,Mutluluk,No,186,,2051624,Settings (https://app.notion.com/p/Settings-14943b1db85c81148390c1de2da61e35?pvs=21),
Be brave. Take risks. Nothing can substitute experience.,Paulo Coelho,Cesaret,No,183,,783244,Settings (https://app.notion.com/p/Settings-14943b1db85c81148390c1de2da61e35?pvs=21),
Love in its essence is spiritual fire,Seneca,Sevgi,No,185,,2921270,Settings (https://app.notion.com/p/Settings-14943b1db85c81148390c1de2da61e35?pvs=21),
Failure is the condiment that gives success its flavor.,Truman Capote,Başarı,No,184,,810404,Settings (https://app.notion.com/p/Settings-14943b1db85c81148390c1de2da61e35?pvs=21),
Learning without reflection is a waste. Reflection without learning is dangerous.,Confucius,Bilgelik,No,192,,953008,Settings (https://app.notion.com/p/Settings-14943b1db85c81148390c1de2da61e35?pvs=21),
We are most alive when we're in love,John Updike,Sevgi,No,198,,812824,Settings (https://app.notion.com/p/Settings-14943b1db85c81148390c1de2da61e35?pvs=21),
Behind every successful man there’s a lot of unsuccessful years.,Bob Brown,Başarı,No,193,,1485230,Settings (https://app.notion.com/p/Settings-14943b1db85c81148390c1de2da61e35?pvs=21),
"The more I want to get something done, the less I call it work",Richard Bach,İlham,No,194,,1036780,Settings (https://app.notion.com/p/Settings-14943b1db85c81148390c1de2da61e35?pvs=21),
Love is the bridge between you and everything,Rumi,Sevgi,No,191,,604794,Settings (https://app.notion.com/p/Settings-14943b1db85c81148390c1de2da61e35?pvs=21),
We all live with the objective of being happy; our lives are all different and yet the same.,Anne Frank,Mutluluk,No,190,,20208,Settings (https://app.notion.com/p/Settings-14943b1db85c81148390c1de2da61e35?pvs=21),
Don’t be afraid to give up the good to go for the great.,John D. Rockefeller,Başarı,No,196,,2611044,Settings (https://app.notion.com/p/Settings-14943b1db85c81148390c1de2da61e35?pvs=21),
Success means doing the best we can with what we have.,Zig Ziglar,Başarı,No,195,,2774792,Settings (https://app.notion.com/p/Settings-14943b1db85c81148390c1de2da61e35?pvs=21),
"Happiness is a butterfly, which when pursued, is always just beyond your grasp, but which, if you will sit down quietly, may alight upon you.",Nathaniel Hawthorne,Mutluluk,No,197,,150450,Settings (https://app.notion.com/p/Settings-14943b1db85c81148390c1de2da61e35?pvs=21),
"If you want others to be happy, practice compassion. If you want to be happy, practice compassion.",Dalai Lama,Mutluluk,No,203,,90146,Settings (https://app.notion.com/p/Settings-14943b1db85c81148390c1de2da61e35?pvs=21),
Love is a better teacher than duty,Albert Einstein,Sevgi,No,206,,2780192,Settings (https://app.notion.com/p/Settings-14943b1db85c81148390c1de2da61e35?pvs=21),
"Being deeply loved by someone gives you strength, while loving someone deeply gives you courage",Lao Tzu,Sevgi,No,204,,82736,Settings (https://app.notion.com/p/Settings-14943b1db85c81148390c1de2da61e35?pvs=21),
I never dreamed about success. I worked for it.,Estée Lauder,Başarı,No,200,,1945852,Settings (https://app.notion.com/p/Settings-14943b1db85c81148390c1de2da61e35?pvs=21),
Love is a canvas furnished by nature and embroidered by imagination,Voltaire,Sevgi,No,207,,2597090,Settings (https://app.notion.com/p/Settings-14943b1db85c81148390c1de2da61e35?pvs=21),
The only person you are destined to become is the person you decide to be,Ralph Waldo Emerson,İlham,No,199,,2773936,Settings (https://app.notion.com/p/Settings-14943b1db85c81148390c1de2da61e35?pvs=21),
"Courage doesn't always roar. Sometimes courage is the quiet voice at the end of the day saying, 'I will try again tomorrow.'",Mary Anne Radmacher,Cesaret,No,201,,1736070,Settings (https://app.notion.com/p/Settings-14943b1db85c81148390c1de2da61e35?pvs=21),
Courage is the first of human qualities because it is the quality which guarantees the others.,Aristotle,Cesaret,No,202,,1064296,Settings (https://app.notion.com/p/Settings-14943b1db85c81148390c1de2da61e35?pvs=21),
The most courageous act is still to think for yourself. Aloud.,Coco Chanel,Cesaret,No,208,,1872914,Settings (https://app.notion.com/p/Settings-14943b1db85c81148390c1de2da61e35?pvs=21),
"I am not afraid of storms, for I am learning how to sail my ship",Louisa May Alcott,İlham,No,205,,3065896,Settings (https://app.notion.com/p/Settings-14943b1db85c81148390c1de2da61e35?pvs=21),
"Courage is not the absence of despair; it is, rather, the capacity to move ahead in spite of despair.",Rollo May,Cesaret,No,211,,597840,Settings (https://app.notion.com/p/Settings-14943b1db85c81148390c1de2da61e35?pvs=21),
The man who moves a mountain begins by carrying away small stones,Confucius,İlham,No,210,,1539516,Settings (https://app.notion.com/p/Settings-14943b1db85c81148390c1de2da61e35?pvs=21),
Love recognizes no barriers,Maya Angelou,Sevgi,No,219,,139406,Settings (https://app.notion.com/p/Settings-14943b1db85c81148390c1de2da61e35?pvs=21),
The purpose of our lives is to be happy.,Dalai Lama,Mutluluk,No,212,,769942,Settings (https://app.notion.com/p/Settings-14943b1db85c81148390c1de2da61e35?pvs=21),
"The older I grow, the more I distrust the familiar doctrine that age brings wisdom.",H.L. Mencken,Bilgelik,No,209,,393898,Settings (https://app.notion.com/p/Settings-14943b1db85c81148390c1de2da61e35?pvs=21),
"Aim for the moon. If you miss, you may hit a star",W. Clement Stone,İlham,No,215,,175390,Settings (https://app.notion.com/p/Settings-14943b1db85c81148390c1de2da61e35?pvs=21),
Boldness be my friend.,William Shakespeare,Cesaret,No,213,,1361886,Settings (https://app.notion.com/p/Settings-14943b1db85c81148390c1de2da61e35?pvs=21),
Everything you’ve ever wanted is on the other side of fear,George Addair,İlham,No,216,,896596,Settings (https://app.notion.com/p/Settings-14943b1db85c81148390c1de2da61e35?pvs=21),
"Fall seven times, stand up eight",Japanese Proverb,İlham,No,214,,976078,Settings (https://app.notion.com/p/Settings-14943b1db85c81148390c1de2da61e35?pvs=21),
The wise man does at once what the fool does finally.,Niccolò Machiavelli,Bilgelik,No,218,,517838,Settings (https://app.notion.com/p/Settings-14943b1db85c81148390c1de2da61e35?pvs=21),
Happiness is a warm puppy.,Charles M. Schulz,Mutluluk,No,217,,2387064,Settings (https://app.notion.com/p/Settings-14943b1db85c81148390c1de2da61e35?pvs=21),
Happiness is only real when shared.,Jon Krakauer,Mutluluk,No,222,,263336,Settings (https://app.notion.com/p/Settings-14943b1db85c81148390c1de2da61e35?pvs=21),
He who is not courageous enough to take risks will accomplish nothing in life.,Muhammad Ali,Cesaret,No,220,,2735360,Settings (https://app.notion.com/p/Settings-14943b1db85c81148390c1de2da61e35?pvs=21),
"I’ve failed over and over and over again in my life, and that is why I succeed.",Michael Jordan,Başarı,No,221,,2880986,Settings (https://app.notion.com/p/Settings-14943b1db85c81148390c1de2da61e35?pvs=21),
"It is not what you look at that matters, it is what you see.",Henry David Thoreau,Bilgelik,No,225,,1809414,Settings (https://app.notion.com/p/Settings-14943b1db85c81148390c1de2da61e35?pvs=21),
You always gain by giving love,Reese Witherspoon,Sevgi,No,224,,2603616,Settings (https://app.notion.com/p/Settings-14943b1db85c81148390c1de2da61e35?pvs=21),
"Love and compassion are necessities, not luxuries. Without them, humanity cannot survive",Dalai Lama,Sevgi,No,226,,1508802,Settings (https://app.notion.com/p/Settings-14943b1db85c81148390c1de2da61e35?pvs=21),
"Happiness is the meaning and the purpose of life, the whole aim and end of human existence.",Aristotle,Mutluluk,No,227,,1765936,Settings (https://app.notion.com/p/Settings-14943b1db85c81148390c1de2da61e35?pvs=21),
The doorstep to the temple of wisdom is a knowledge of our own ignorance.,Benjamin Franklin,Bilgelik,No,223,,2942642,Settings (https://app.notion.com/p/Settings-14943b1db85c81148390c1de2da61e35?pvs=21),
Love is a two-way street constantly under construction,Carroll Bryant,Sevgi,No,228,,1124116,Settings (https://app.notion.com/p/Settings-14943b1db85c81148390c1de2da61e35?pvs=21),
"Courage is resistance to fear, mastery of fear – not absence of fear.",Mark Twain,Cesaret,No,231,,2995960,Settings (https://app.notion.com/p/Settings-14943b1db85c81148390c1de2da61e35?pvs=21),
Silence is true wisdom's best reply.,Euripides,Bilgelik,No,235,,1720534,Settings (https://app.notion.com/p/Settings-14943b1db85c81148390c1de2da61e35?pvs=21),
The true success is the person who invented himself.,Al Goldstein,Başarı,No,234,,1317654,Settings (https://app.notion.com/p/Settings-14943b1db85c81148390c1de2da61e35?pvs=21),
"Opportunities are usually disguised as hard work, so most people don’t recognize them",Ann Landers,İlham,No,238,,2713242,Settings (https://app.notion.com/p/Settings-14943b1db85c81148390c1de2da61e35?pvs=21),
Success does not consist in never making mistakes but in never making the same one a second time.,George Bernard Shaw,Başarı,No,230,,968240,Settings (https://app.notion.com/p/Settings-14943b1db85c81148390c1de2da61e35?pvs=21),
He who knows others is wise; he who knows himself is enlightened.,Lao Tzu,Bilgelik,No,232,,1738484,Settings (https://app.notion.com/p/Settings-14943b1db85c81148390c1de2da61e35?pvs=21),
Love is the poetry of the senses,Honore de Balzac,Sevgi,No,229,,1353870,Settings (https://app.notion.com/p/Settings-14943b1db85c81148390c1de2da61e35?pvs=21),
Happiness is the settling of the soul into its most appropriate spot.,Aristotle,Mutluluk,No,236,,2547382,Settings (https://app.notion.com/p/Settings-14943b1db85c81148390c1de2da61e35?pvs=21),
Start where you are. Use what you have. Do what you can,Arthur Ashe,İlham,No,237,,1246054,Settings (https://app.notion.com/p/Settings-14943b1db85c81148390c1de2da61e35?pvs=21),
Wise men learn more from fools than fools from the wise.,Cato the Elder,Bilgelik,No,233,,2794718,Settings (https://app.notion.com/p/Settings-14943b1db85c81148390c1de2da61e35?pvs=21),
A little knowledge that acts is worth infinitely more than much knowledge that is idle.,Khalil Gibran,Bilgelik,No,246,,1507118,Settings (https://app.notion.com/p/Settings-14943b1db85c81148390c1de2da61e35?pvs=21),
Wisdom consists of the anticipation of consequences.,Norman Cousins,Bilgelik,No,243,,2000306,Settings (https://app.notion.com/p/Settings-14943b1db85c81148390c1de2da61e35?pvs=21),
True love stories never have endings,Richard Bach,Sevgi,No,239,,618970,Settings (https://app.notion.com/p/Settings-14943b1db85c81148390c1de2da61e35?pvs=21),
"Happiness is when what you think, what you say, and what you do are in harmony.",Mahatma Gandhi,Mutluluk,No,247,,1621448,Settings (https://app.notion.com/p/Settings-14943b1db85c81148390c1de2da61e35?pvs=21),
There is no charm equal to tenderness of heart,Jane Austen,Sevgi,No,244,,2748104,Settings (https://app.notion.com/p/Settings-14943b1db85c81148390c1de2da61e35?pvs=21),
The secret to success is to know something nobody else knows.,Aristotle Onassis,Başarı,No,248,,625988,Settings (https://app.notion.com/p/Settings-14943b1db85c81148390c1de2da61e35?pvs=21),
Happiness is nothing more than good health and a bad memory.,Albert Schweitzer,Mutluluk,No,245,,121668,Settings (https://app.notion.com/p/Settings-14943b1db85c81148390c1de2da61e35?pvs=21),
The only way to do great work is to love what you do.,Steve Jobs,Başarı,No,241,,2532620,Settings (https://app.notion.com/p/Settings-14943b1db85c81148390c1de2da61e35?pvs=21),
The greatest test of courage on earth is to bear defeat without losing heart.,Robert G. Ingersoll,Cesaret,No,240,,273964,Settings (https://app.notion.com/p/Settings-14943b1db85c81148390c1de2da61e35?pvs=21),
Discipline is the bridge between goals and accomplishment.,Jim Rohn,Başarı,No,242,,1746884,Settings (https://app.notion.com/p/Settings-14943b1db85c81148390c1de2da61e35?pvs=21),
"Confront the dark parts of yourself, and work to banish them with illumination and forgiveness. Your willingness to wrestle with your demons will cause your angels to sing.",August Wilson,Cesaret,No,253,,1845326,Settings (https://app.notion.com/p/Settings-14943b1db85c81148390c1de2da61e35?pvs=21),
I attribute my success to this: I never gave or took any excuse.,Florence Nightingale,Başarı,No,255,,2021858,Settings (https://app.notion.com/p/Settings-14943b1db85c81148390c1de2da61e35?pvs=21),
Don’t wish it were easier. Wish you were better.,Jim Rohn,Başarı,No,254,,1586244,Settings (https://app.notion.com/p/Settings-14943b1db85c81148390c1de2da61e35?pvs=21),
Love doesn’t make the world go ‘round. Love is what makes the ride worthwhile,Franklin P. Jones,Sevgi,No,258,,942098,Settings (https://app.notion.com/p/Settings-14943b1db85c81148390c1de2da61e35?pvs=21),
A man with outward courage dares to die; a man with inner courage dares to live.,Lao Tzu,Cesaret,No,249,,2434250,Settings (https://app.notion.com/p/Settings-14943b1db85c81148390c1de2da61e35?pvs=21),
Success is not the absence of failure; it’s the persistence through failure.,Aisha Tyler,Başarı,No,250,,2824792,Settings (https://app.notion.com/p/Settings-14943b1db85c81148390c1de2da61e35?pvs=21),
The secret of getting ahead is getting started,Mark Twain,İlham,No,251,,680996,Settings (https://app.notion.com/p/Settings-14943b1db85c81148390c1de2da61e35?pvs=21),
He who is not everyday conquering some fear has not learned the secret of life.,Ralph Waldo Emerson,Bilgelik,No,252,,2348810,Settings (https://app.notion.com/p/Settings-14943b1db85c81148390c1de2da61e35?pvs=21),
Honesty is the first chapter in the book of wisdom.,Thomas Jefferson,Bilgelik,No,256,,1242352,Settings (https://app.notion.com/p/Settings-14943b1db85c81148390c1de2da61e35?pvs=21),
To dare is to lose one’s footing momentarily. To not dare is to lose oneself.,Søren Kierkegaard,Cesaret,No,257,,899418,Settings (https://app.notion.com/p/Settings-14943b1db85c81148390c1de2da61e35?pvs=21),
Knowledge without wisdom is like water in the sand.,Guinean Proverb,Bilgelik,No,259,,2661354,Settings (https://app.notion.com/p/Settings-14943b1db85c81148390c1de2da61e35?pvs=21),
A calm and modest life brings more happiness than the pursuit of success combined with constant restlessness.,Albert Einstein,Mutluluk,No,263,,2716600,Settings (https://app.notion.com/p/Settings-14943b1db85c81148390c1de2da61e35?pvs=21),
"⠀…Teslimiyet ne ileriye doğru bir hamle, ne de geriye doğru bir korkaklık göstergesidir…",Kutlu Bilge,Bilgelik,No,260,30/10/2024,-1,,
"Greatness, in the last analysis, is largely bravery. Courage in escaping from old ideas and old standards and respectable ways of doing things.",James Robinson,Cesaret,No,267,,2200234,Settings (https://app.notion.com/p/Settings-14943b1db85c81148390c1de2da61e35?pvs=21),
"Above all, be the heroine of your life, not the victim.",Nora Ephron,Cesaret,No,262,,1798164,Settings (https://app.notion.com/p/Settings-14943b1db85c81148390c1de2da61e35?pvs=21),
Knowledge without justice ought to be called cunning rather than wisdom.,Plato,Bilgelik,No,261,,1853414,Settings (https://app.notion.com/p/Settings-14943b1db85c81148390c1de2da61e35?pvs=21),
Love is an irresistible desire to be irresistibly desired,Robert Frost,Sevgi,No,268,,816196,Settings (https://app.notion.com/p/Settings-14943b1db85c81148390c1de2da61e35?pvs=21),
"I have not failed. I’ve just found 10,000 ways that won’t work",Thomas Edison,İlham,No,266,,2752464,Settings (https://app.notion.com/p/Settings-14943b1db85c81148390c1de2da61e35?pvs=21),
Efforts and courage are not enough without purpose and direction.,John F. Kennedy,Cesaret,No,265,,1181284,Settings (https://app.notion.com/p/Settings-14943b1db85c81148390c1de2da61e35?pvs=21),
You know you're in love when you can't fall asleep because reality is finally better than your dreams,Dr. Seuss,Sevgi,No,264,,2067430,Settings (https://app.notion.com/p/Settings-14943b1db85c81148390c1de2da61e35?pvs=21),
"A hero is no braver than an ordinary man, but he is brave five minutes longer.",Ralph Waldo Emerson,Cesaret,No,269,,2800878,Settings (https://app.notion.com/p/Settings-14943b1db85c81148390c1de2da61e35?pvs=21),
Educating the mind without educating the heart is no education at all.,Aristotle,Bilgelik,No,277,,1760572,Settings (https://app.notion.com/p/Settings-14943b1db85c81148390c1de2da61e35?pvs=21),
Success isn’t about how much money you make; it’s about the difference you make in people’s lives.,Michelle Obama,Başarı,No,272,,2813854,Settings (https://app.notion.com/p/Settings-14943b1db85c81148390c1de2da61e35?pvs=21),
Knowledge is a process of piling up facts; wisdom lies in their simplification.,Martin H. Fischer,Bilgelik,No,273,,587466,Settings (https://app.notion.com/p/Settings-14943b1db85c81148390c1de2da61e35?pvs=21),
"Success seems to be connected with action. Successful people keep moving. They make mistakes, but they don’t quit.",Conrad Hilton,Başarı,No,280,,2352934,Settings (https://app.notion.com/p/Settings-14943b1db85c81148390c1de2da61e35?pvs=21),
Wisdom is nothing more than healed pain.,Robert Gary Lee,Bilgelik,No,274,,2560274,Settings (https://app.notion.com/p/Settings-14943b1db85c81148390c1de2da61e35?pvs=21),
"Love is all we have, the only way that each can help the other",Euripides,Sevgi,No,275,,1525992,Settings (https://app.notion.com/p/Settings-14943b1db85c81148390c1de2da61e35?pvs=21),
"We come to love not by finding a perfect person, but by learning to see an imperfect person perfectly",Sam Keen,Sevgi,No,276,,401536,Settings (https://app.notion.com/p/Settings-14943b1db85c81148390c1de2da61e35?pvs=21),
"You don't have to be great to start, but you have to start to be great",Zig Ziglar,İlham,No,279,,456100,Settings (https://app.notion.com/p/Settings-14943b1db85c81148390c1de2da61e35?pvs=21),
"In the midst of winter, I found there was, within me, an invincible summer.",Albert Camus,Cesaret,No,278,,2537132,Settings (https://app.notion.com/p/Settings-14943b1db85c81148390c1de2da61e35?pvs=21),
To live without hope is to cease to live.,Fyodor Dostoevsky,Bilgelik,No,270,,301980,Settings (https://app.notion.com/p/Settings-14943b1db85c81148390c1de2da61e35?pvs=21),
"You don’t need to see the whole staircase, just take the first step",Martin Luther King Jr.,İlham,No,271,,1652456,Settings (https://app.notion.com/p/Settings-14943b1db85c81148390c1de2da61e35?pvs=21),
Act as if what you do makes a difference. It does,William James,İlham,No,285,,2019034,Settings (https://app.notion.com/p/Settings-14943b1db85c81148390c1de2da61e35?pvs=21),
The future belongs to those who believe in the beauty of their dreams,Eleanor Roosevelt,İlham,No,282,,1279544,Settings (https://app.notion.com/p/Settings-14943b1db85c81148390c1de2da61e35?pvs=21),
You don’t have to be a genius or a visionary or even a college graduate to be successful. You just need a framework and a dream.,Michael Dell,Başarı,No,281,,1025478,Settings (https://app.notion.com/p/Settings-14943b1db85c81148390c1de2da61e35?pvs=21),
"Love is the only reality, and it is not a mere sentiment. It is the ultimate truth that lies at the heart of creation",Rabindranath Tagore,Sevgi,No,288,,2128316,Settings (https://app.notion.com/p/Settings-14943b1db85c81148390c1de2da61e35?pvs=21),
Don’t watch the clock; do what it does. Keep going,Sam Levenson,İlham,No,284,,2232778,Settings (https://app.notion.com/p/Settings-14943b1db85c81148390c1de2da61e35?pvs=21),
"Do not go where the path may lead, go instead where there is no path and leave a trail.",Ralph Waldo Emerson,Bilgelik,No,287,,1496812,Settings (https://app.notion.com/p/Settings-14943b1db85c81148390c1de2da61e35?pvs=21),
Wisdom is knowing when to speak your mind and when to mind your speech.,Evangel,Bilgelik,No,283,,331348,Settings (https://app.notion.com/p/Settings-14943b1db85c81148390c1de2da61e35?pvs=21),
"In order to succeed, your desire for success should be greater than your fear of failure.",Bill Cosby,Başarı,No,290,,324810,Settings (https://app.notion.com/p/Settings-14943b1db85c81148390c1de2da61e35?pvs=21),
In every walk with nature one receives far more than he seeks.,John Muir,Bilgelik,No,289,,2041958,Settings (https://app.notion.com/p/Settings-14943b1db85c81148390c1de2da61e35?pvs=21),
The invariable mark of wisdom is to see the miraculous in the common.,Ralph Waldo Emerson,Bilgelik,No,286,,365138,Settings (https://app.notion.com/p/Settings-14943b1db85c81148390c1de2da61e35?pvs=21),
The way to get started is to quit talking and begin doing,Walt Disney,İlham,No,293,,2288290,Settings (https://app.notion.com/p/Settings-14943b1db85c81148390c1de2da61e35?pvs=21),
Valiant deeds honor the brave.,Harry Harrison,Cesaret,No,299,,810846,Settings (https://app.notion.com/p/Settings-14943b1db85c81148390c1de2da61e35?pvs=21),
Success is how high you bounce when you hit bottom.,George S. Patton,Başarı,No,295,,2655404,Settings (https://app.notion.com/p/Settings-14943b1db85c81148390c1de2da61e35?pvs=21),
You miss 100% of the shots you don’t take,Wayne Gretzky,İlham,No,297,,1363744,Settings (https://app.notion.com/p/Settings-14943b1db85c81148390c1de2da61e35?pvs=21),
"To be happy, we must not be too concerned with others.",Albert Camus,Mutluluk,No,301,,595944,Settings (https://app.notion.com/p/Settings-14943b1db85c81148390c1de2da61e35?pvs=21),
Love is not something you feel. It is something you do,David Wilkerson,Sevgi,No,294,,1987818,Settings (https://app.notion.com/p/Settings-14943b1db85c81148390c1de2da61e35?pvs=21),
It takes a lot of courage to show your dreams to someone else.,Erma Bombeck,Cesaret,No,296,,1759326,Settings (https://app.notion.com/p/Settings-14943b1db85c81148390c1de2da61e35?pvs=21),
Success is stumbling from failure to failure with no loss of enthusiasm.,Winston Churchill,Başarı,No,300,,286790,Settings (https://app.notion.com/p/Settings-14943b1db85c81148390c1de2da61e35?pvs=21),
Don’t wait for opportunity. Create it.,George Bernard Shaw,Başarı,No,292,,1466234,Settings (https://app.notion.com/p/Settings-14943b1db85c81148390c1de2da61e35?pvs=21),
Only those who dare to fail greatly can ever achieve greatly,Robert F. Kennedy,İlham,No,298,,1448210,Settings (https://app.notion.com/p/Settings-14943b1db85c81148390c1de2da61e35?pvs=21),
Most folks are about as happy as they make up their minds to be.,Abraham Lincoln,Mutluluk,No,291,,3085658,Settings (https://app.notion.com/p/Settings-14943b1db85c81148390c1de2da61e35?pvs=21),
Wisdom begins in wonder.,Socrates,Bilgelik,No,309,,2411668,Settings (https://app.notion.com/p/Settings-14943b1db85c81148390c1de2da61e35?pvs=21),
Love is friendship that has caught fire,Ann Landers,Sevgi,No,308,,2460408,Settings (https://app.notion.com/p/Settings-14943b1db85c81148390c1de2da61e35?pvs=21),
Love is the magician that pulls man out of his own hat,Ben Hecht,Sevgi,No,302,,73448,Settings (https://app.notion.com/p/Settings-14943b1db85c81148390c1de2da61e35?pvs=21),
Where there is love there is life,Mahatma Gandhi,Sevgi,No,307,,837536,Settings (https://app.notion.com/p/Settings-14943b1db85c81148390c1de2da61e35?pvs=21),
Happiness is not a goal; it is a by-product.,Eleanor Roosevelt,Mutluluk,No,306,,2046430,Settings (https://app.notion.com/p/Settings-14943b1db85c81148390c1de2da61e35?pvs=21),
"Do what you can, with what you have, where you are",Theodore Roosevelt,İlham,No,311,,2685130,Settings (https://app.notion.com/p/Settings-14943b1db85c81148390c1de2da61e35?pvs=21),
What lies behind us and what lies before us are tiny matters compared to what lies within us,Ralph Waldo Emerson,İlham,No,304,,2211190,Settings (https://app.notion.com/p/Settings-14943b1db85c81148390c1de2da61e35?pvs=21),
"Strive not to be a success, but rather to be of value",Albert Einstein,İlham,No,305,,514550,Settings (https://app.notion.com/p/Settings-14943b1db85c81148390c1de2da61e35?pvs=21),
⠀En değerli hazinemiz kendimiz ile olan yolculukta varlık değerimizin farkına varabilmektir.,Kutlu Bilge,Bilgelik,No,303,16/11/2024,-1,,
Love is space and time measured by the heart,Marcel Proust,Sevgi,No,310,,1645118,Settings (https://app.notion.com/p/Settings-14943b1db85c81148390c1de2da61e35?pvs=21),
It is unwise to be sure of one's own wisdom.,Mahatma Gandhi,Bilgelik,No,312,,2831468,Settings (https://app.notion.com/p/Settings-14943b1db85c81148390c1de2da61e35?pvs=21),
Silence is the sleep that nourishes wisdom.,Francis Bacon,Bilgelik,No,313,,2444646,Settings (https://app.notion.com/p/Settings-14943b1db85c81148390c1de2da61e35?pvs=21),
All progress takes place outside the comfort zone,Michael John Bobak,İlham,No,321,,2721616,Settings (https://app.notion.com/p/Settings-14943b1db85c81148390c1de2da61e35?pvs=21),
It is never too late to be what you might have been,George Eliot,İlham,No,317,,2373434,Settings (https://app.notion.com/p/Settings-14943b1db85c81148390c1de2da61e35?pvs=21),
"It is not the strength of the body that counts, but the strength of the spirit.",J.R.R. Tolkien,Cesaret,No,314,,1655004,Settings (https://app.notion.com/p/Settings-14943b1db85c81148390c1de2da61e35?pvs=21),
"It is not death that a man should fear, but he should fear never beginning to live.",Marcus Aurelius,Cesaret,No,315,,1218284,Settings (https://app.notion.com/p/Settings-14943b1db85c81148390c1de2da61e35?pvs=21),
"Love is a promise; love is a souvenir, once given never forgotten, never let it disappear",John Lennon,Sevgi,No,318,,1536106,Settings (https://app.notion.com/p/Settings-14943b1db85c81148390c1de2da61e35?pvs=21),
Wise men speak because they have something to say; fools because they have to say something.,Plato,Bilgelik,No,316,,2160604,Settings (https://app.notion.com/p/Settings-14943b1db85c81148390c1de2da61e35?pvs=21),
"Success is the result of preparation, hard work, and learning from failure.",Colin Powell,Başarı,No,320,,1869440,Settings (https://app.notion.com/p/Settings-14943b1db85c81148390c1de2da61e35?pvs=21),
Wisdom is the reward you get for a lifetime of listening when you'd have preferred to talk.,Doug Larson,Bilgelik,No,319,,59072,Settings (https://app.notion.com/p/Settings-14943b1db85c81148390c1de2da61e35?pvs=21),
"It is the province of knowledge to speak, and it is the privilege of wisdom to listen.",Oliver Wendell Holmes Sr.,Bilgelik,No,323,,289962,Settings (https://app.notion.com/p/Settings-14943b1db85c81148390c1de2da61e35?pvs=21),
Dreams don’t work unless you do,John C. Maxwell,İlham,No,322,,496750,Settings (https://app.notion.com/p/Settings-14943b1db85c81148390c1de2da61e35?pvs=21),
"If there were in the world today any large number of people who desired their own happiness more than they desired the unhappiness of others, we could have a paradise in a few years.",Bertrand Russell,Mutluluk,No,326,,2714746,Settings (https://app.notion.com/p/Settings-14943b1db85c81148390c1de2da61e35?pvs=21),
The supreme happiness of life is the conviction that we are loved,Victor Hugo,Sevgi,No,331,,2265728,Settings (https://app.notion.com/p/Settings-14943b1db85c81148390c1de2da61e35?pvs=21),
He who jumps into the void owes no explanation to those who stand and watch.,Jean-Luc Godard,Cesaret,No,329,,2934358,Settings (https://app.notion.com/p/Settings-14943b1db85c81148390c1de2da61e35?pvs=21),
"You are braver than you believe, stronger than you seem, and smarter than you think",A.A. Milne,İlham,No,332,,2028624,Settings (https://app.notion.com/p/Settings-14943b1db85c81148390c1de2da61e35?pvs=21),
"Try not to become a man of success, but rather try to become a man of value.",Albert Einstein,Başarı,No,327,,2627228,Settings (https://app.notion.com/p/Settings-14943b1db85c81148390c1de2da61e35?pvs=21),
Have the courage to follow your heart and intuition.,Steve Jobs,Cesaret,No,325,,1139312,Settings (https://app.notion.com/p/Settings-14943b1db85c81148390c1de2da61e35?pvs=21),
Love is the great miracle cure,Louise Hay,Sevgi,No,330,,1757614,Settings (https://app.notion.com/p/Settings-14943b1db85c81148390c1de2da61e35?pvs=21),
We don’t develop courage by being happy every day. We develop it by surviving difficult times and challenging adversity.,Barbara De Angelis,Cesaret,No,324,,649976,Settings (https://app.notion.com/p/Settings-14943b1db85c81148390c1de2da61e35?pvs=21),
"Everything has beauty, but not everyone can see it",Confucius,İlham,No,328,,1095694,Settings (https://app.notion.com/p/Settings-14943b1db85c81148390c1de2da61e35?pvs=21),
You are never too old to set another goal or to dream a new dream,C.S. Lewis,İlham,No,342,,467162,Settings (https://app.notion.com/p/Settings-14943b1db85c81148390c1de2da61e35?pvs=21),
"We know what we are, but know not what we may be",William Shakespeare,İlham,No,340,,2370004,Settings (https://app.notion.com/p/Settings-14943b1db85c81148390c1de2da61e35?pvs=21),
The way to love anything is to realize that it may be lost,Gilbert K. Chesterton,Sevgi,No,337,,1603396,Settings (https://app.notion.com/p/Settings-14943b1db85c81148390c1de2da61e35?pvs=21),
Love is the only force capable of transforming an enemy into a friend,Martin Luther King Jr.,Sevgi,No,335,,2710566,Settings (https://app.notion.com/p/Settings-14943b1db85c81148390c1de2da61e35?pvs=21),
He who knows best knows how little he knows.,Thomas Jefferson,Bilgelik,No,341,,1829260,Settings (https://app.notion.com/p/Settings-14943b1db85c81148390c1de2da61e35?pvs=21),
"The more you know, the more you realize you don’t know.",Aristotle,Bilgelik,No,336,,275902,Settings (https://app.notion.com/p/Settings-14943b1db85c81148390c1de2da61e35?pvs=21),
The best love is the kind that awakens the soul and makes us reach for more,Nicholas Sparks,Sevgi,No,338,,2099530,Settings (https://app.notion.com/p/Settings-14943b1db85c81148390c1de2da61e35?pvs=21),
The heart has its reasons which reason knows not,Blaise Pascal,Sevgi,No,333,,589306,Settings (https://app.notion.com/p/Settings-14943b1db85c81148390c1de2da61e35?pvs=21),
"The greater part of our happiness or misery depends upon our dispositions, and not upon our circumstances.",Martha Washington,Mutluluk,No,339,,2713452,Settings (https://app.notion.com/p/Settings-14943b1db85c81148390c1de2da61e35?pvs=21),
There is no path to happiness; happiness is the path.,Thich Nhat Hanh,Mutluluk,No,334,,1595308,Settings (https://app.notion.com/p/Settings-14943b1db85c81148390c1de2da61e35?pvs=21),
"They say a person needs just three things to be truly happy in this world: someone to love, something to do, and something to hope for.",Tom Bodett,Mutluluk,No,352,,281148,Settings (https://app.notion.com/p/Settings-14943b1db85c81148390c1de2da61e35?pvs=21),
"A ship is safe in harbor, but that’s not what ships are for.",John A. Shedd,Cesaret,No,347,,1796648,Settings (https://app.notion.com/p/Settings-14943b1db85c81148390c1de2da61e35?pvs=21),
Love is the flower; you've got to let it grow,John Lennon,Sevgi,No,349,,10660,Settings (https://app.notion.com/p/Settings-14943b1db85c81148390c1de2da61e35?pvs=21),
"If you want to succeed, you should strike out on new paths, rather than travel the worn paths of accepted success.",John D. Rockefeller,Başarı,No,345,,418888,Settings (https://app.notion.com/p/Settings-14943b1db85c81148390c1de2da61e35?pvs=21),
"The path to success is to take massive, determined action.",Tony Robbins,Başarı,No,351,,210870,Settings (https://app.notion.com/p/Settings-14943b1db85c81148390c1de2da61e35?pvs=21),
"I cannot give you the formula for success, but I can give you the formula for failure, which is: Try to please everybody.",Herbert Bayard Swope,Başarı,No,346,,1888170,Settings (https://app.notion.com/p/Settings-14943b1db85c81148390c1de2da61e35?pvs=21),
Science is organized knowledge. Wisdom is organized life.,Immanuel Kant,Bilgelik,No,353,,2005046,Settings (https://app.notion.com/p/Settings-14943b1db85c81148390c1de2da61e35?pvs=21),
"Wisdom comes not from age, but from education and learning.",Anton Chekhov,Bilgelik,No,344,,459310,Settings (https://app.notion.com/p/Settings-14943b1db85c81148390c1de2da61e35?pvs=21),
Success is where preparation and opportunity meet.,Bobby Unser,Başarı,No,343,,512256,Settings (https://app.notion.com/p/Settings-14943b1db85c81148390c1de2da61e35?pvs=21),
Love is the only sane and satisfactory answer to the problem of human existence,Erich Fromm,Sevgi,No,348,,1458684,Settings (https://app.notion.com/p/Settings-14943b1db85c81148390c1de2da61e35?pvs=21),
Our envy always lasts longer than the happiness of those we envy.,Heraclitus,Mutluluk,No,350,,981922,Settings (https://app.notion.com/p/Settings-14943b1db85c81148390c1de2da61e35?pvs=21),
To conquer fear is the beginning of wisdom.,Bertrand Russell,Bilgelik,No,360,,1844516,Settings (https://app.notion.com/p/Settings-14943b1db85c81148390c1de2da61e35?pvs=21),
Love is the power to see similarity in the dissimilar,Theodor Adorno,Sevgi,No,354,,2845788,Settings (https://app.notion.com/p/Settings-14943b1db85c81148390c1de2da61e35?pvs=21),
"Thousands of candles can be lit from a single candle, and the life of the candle will not be shortened. Happiness never decreases by being shared.",Buddha,Mutluluk,No,364,,1545730,Settings (https://app.notion.com/p/Settings-14943b1db85c81148390c1de2da61e35?pvs=21),
A prudent question is one-half of wisdom.,Francis Bacon,Bilgelik,No,358,,21204,Settings (https://app.notion.com/p/Settings-14943b1db85c81148390c1de2da61e35?pvs=21),
"Knowledge speaks, but wisdom listens.",Jimi Hendrix,Bilgelik,No,356,,2839868,Settings (https://app.notion.com/p/Settings-14943b1db85c81148390c1de2da61e35?pvs=21),
We loved with a love that was more than love,Edgar Allan Poe,Sevgi,No,362,,1503650,Settings (https://app.notion.com/p/Settings-14943b1db85c81148390c1de2da61e35?pvs=21),
To be yourself in a world that is constantly trying to make you something else is the greatest accomplishment.,Ralph Waldo Emerson,Cesaret,No,357,,1421166,Settings (https://app.notion.com/p/Settings-14943b1db85c81148390c1de2da61e35?pvs=21),
"The fool wonders, the wise man asks.",Benjamin Disraeli,Bilgelik,No,359,,1143582,Settings (https://app.notion.com/p/Settings-14943b1db85c81148390c1de2da61e35?pvs=21),
There is no fool so great a fool as a knowing fool.,John Heywood,Bilgelik,No,363,,1559098,Settings (https://app.notion.com/p/Settings-14943b1db85c81148390c1de2da61e35?pvs=21),
"True love cannot be found where it does not exist, nor can it be denied where it does",Torquato Tasso,Sevgi,No,361,,307060,Settings (https://app.notion.com/p/Settings-14943b1db85c81148390c1de2da61e35?pvs=21),
"The foolish man seeks happiness in the distance, the wise grows it under his feet.",James Oppenheim,Mutluluk,No,355,,1478907,Settings (https://app.notion.com/p/Settings-14943b1db85c81148390c1de2da61e35?pvs=21),
"No man is worth his salt who is not ready at all times to risk his well-being, to risk his body, to risk his life, in a great cause.",Theodore Roosevelt,Cesaret,No,374,,996336,Settings (https://app.notion.com/p/Settings-14943b1db85c81148390c1de2da61e35?pvs=21),
Love is the answer to everything. It's the only reason to do anything,Ray Bradbury,Sevgi,No,370,,419016,Settings (https://app.notion.com/p/Settings-14943b1db85c81148390c1de2da61e35?pvs=21),
It is not because things are difficult that we do not dare; it is because we do not dare that things are difficult.,Seneca,Cesaret,No,372,,162444,Settings (https://app.notion.com/p/Settings-14943b1db85c81148390c1de2da61e35?pvs=21),
"Don’t limit your challenges, challenge your limits.",Jerry Dunn,Başarı,No,371,,994708,Settings (https://app.notion.com/p/Settings-14943b1db85c81148390c1de2da61e35?pvs=21),
It is better to remain silent and be thought a fool than to speak and remove all doubt.,Abraham Lincoln,Bilgelik,No,369,,1770476,Settings (https://app.notion.com/p/Settings-14943b1db85c81148390c1de2da61e35?pvs=21),
He who devotes himself to learning seeks from day to day to increase his knowledge; he who devotes himself to the Tao seeks from day to day to diminish his doing.,Lao Tzu,Bilgelik,No,366,,1992850,Settings (https://app.notion.com/p/Settings-14943b1db85c81148390c1de2da61e35?pvs=21),
The successful man will profit from his mistakes and try again in a different way.,Dale Carnegie,Başarı,No,373,,282642,Settings (https://app.notion.com/p/Settings-14943b1db85c81148390c1de2da61e35?pvs=21),
"The more you praise and celebrate your life, the more there is in life to celebrate.",Oprah Winfrey,Başarı,No,365,,1854242,Settings (https://app.notion.com/p/Settings-14943b1db85c81148390c1de2da61e35?pvs=21),
"Be wiser than other people if you can, but do not tell them so.",Lord Chesterfield,Bilgelik,No,368,,2443364,Settings (https://app.notion.com/p/Settings-14943b1db85c81148390c1de2da61e35?pvs=21),
There is no remedy for love but to love more,Thoreau,Sevgi,No,367,,1064782,Settings (https://app.notion.com/p/Settings-14943b1db85c81148390c1de2da61e35?pvs=21),
The greatest happiness you can have is knowing that you do not necessarily require happiness.,William Saroyan,Mutluluk,No,378,,2378222,Settings (https://app.notion.com/p/Settings-14943b1db85c81148390c1de2da61e35?pvs=21),
Time ripens all things; no man is born wise.,Miguel de Cervantes,Bilgelik,No,379,,1107592,Settings (https://app.notion.com/p/Settings-14943b1db85c81148390c1de2da61e35?pvs=21),
"Love looks not with the eyes, but with the mind",William Shakespeare,Sevgi,No,375,,1282034,Settings (https://app.notion.com/p/Settings-14943b1db85c81148390c1de2da61e35?pvs=21),
The happiness of your life depends upon the quality of your thoughts.,Marcus Aurelius,Mutluluk,No,377,,2236842,Settings (https://app.notion.com/p/Settings-14943b1db85c81148390c1de2da61e35?pvs=21),
"Success is liking yourself, liking what you do, and liking how you do it.",Maya Angelou,Başarı,No,376,,928186,Settings (https://app.notion.com/p/Settings-14943b1db85c81148390c1de2da61e35?pvs=21),
To see what is right and not do it is the want of courage.,Confucius,Cesaret,No,381,,1705632,Settings (https://app.notion.com/p/Settings-14943b1db85c81148390c1de2da61e35?pvs=21),
Love is a friendship set to music,Joseph Campbell,Sevgi,No,384,,2633888,Settings (https://app.notion.com/p/Settings-14943b1db85c81148390c1de2da61e35?pvs=21),
Love is when you meet someone who tells you something new about yourself,André Breton,Sevgi,No,382,,2761638,Settings (https://app.notion.com/p/Settings-14943b1db85c81148390c1de2da61e35?pvs=21),
Fear is a reaction. Courage is a decision.,Winston Churchill,Cesaret,No,380,,737440,Settings (https://app.notion.com/p/Settings-14943b1db85c81148390c1de2da61e35?pvs=21),
The difference between who you are and who you want to be is what you do.,Bill Phillips,Başarı,No,383,,2023040,Settings (https://app.notion.com/p/Settings-14943b1db85c81148390c1de2da61e35?pvs=21),
We don’t laugh because we’re happy – we’re happy because we laugh.,William James,Mutluluk,No,392,,1452212,Settings (https://app.notion.com/p/Settings-14943b1db85c81148390c1de2da61e35?pvs=21),
"Courage is fire, and bullying is smoke.",Benjamin Disraeli,Cesaret,No,393,,1768276,Settings (https://app.notion.com/p/Settings-14943b1db85c81148390c1de2da61e35?pvs=21),
"To enjoy good health, to bring true happiness to one’s family, to bring peace to all, one must first discipline and control one’s own mind.",Buddha,Mutluluk,No,391,,2492852,Settings (https://app.notion.com/p/Settings-14943b1db85c81148390c1de2da61e35?pvs=21),
Success is achieved and maintained by those who try and keep trying.,W. Clement Stone,Başarı,No,389,,2956594,Settings (https://app.notion.com/p/Settings-14943b1db85c81148390c1de2da61e35?pvs=21),
The only joy in the world is to begin.,Cesare Pavese,Mutluluk,No,385,,1248858,Settings (https://app.notion.com/p/Settings-14943b1db85c81148390c1de2da61e35?pvs=21),
"Knowledge puffeth up, but charity edifieth.",Bible (1 Corinthians 8:1),Bilgelik,No,388,,2646200,Settings (https://app.notion.com/p/Settings-14943b1db85c81148390c1de2da61e35?pvs=21),
It is easy to be brave from a safe distance.,Aesop,Cesaret,No,387,,1910642,Settings (https://app.notion.com/p/Settings-14943b1db85c81148390c1de2da61e35?pvs=21),
Courage is never to let your actions be influenced by your fears.,Arthur Koestler,Cesaret,No,390,,2366186,Settings (https://app.notion.com/p/Settings-14943b1db85c81148390c1de2da61e35?pvs=21),
A man begins cutting his wisdom teeth the first time he bites off more than he can chew.,Herb Caen,Bilgelik,No,386,,2026070,Settings (https://app.notion.com/p/Settings-14943b1db85c81148390c1de2da61e35?pvs=21),
Don’t let yesterday take up too much of today,Will Rogers,İlham,No,397,,2834962,Settings (https://app.notion.com/p/Settings-14943b1db85c81148390c1de2da61e35?pvs=21),
Do one thing every day that scares you.,Eleanor Roosevelt,Cesaret,No,399,,45468,Settings (https://app.notion.com/p/Settings-14943b1db85c81148390c1de2da61e35?pvs=21),
The secret of success is to do the common thing uncommonly well.,John D. Rockefeller Jr.,Başarı,No,400,,2778292,Settings (https://app.notion.com/p/Settings-14943b1db85c81148390c1de2da61e35?pvs=21),
"If you want to be happy, be.",Leo Tolstoy,Mutluluk,No,403,,2844524,Settings (https://app.notion.com/p/Settings-14943b1db85c81148390c1de2da61e35?pvs=21),
The only place where success comes before work is in the dictionary.,Vidal Sassoon,Başarı,No,402,,1841664,Settings (https://app.notion.com/p/Settings-14943b1db85c81148390c1de2da61e35?pvs=21),
The best dreams happen when you’re awake,Cherie Gilderbloom,İlham,No,404,,1764824,Settings (https://app.notion.com/p/Settings-14943b1db85c81148390c1de2da61e35?pvs=21),
Courage consists not in hazarding without fear; but being resolutely minded in a just cause.,Plutarch,Cesaret,No,401,,740994,Settings (https://app.notion.com/p/Settings-14943b1db85c81148390c1de2da61e35?pvs=21),
Wisdom is the power to put our time and our knowledge to the proper use.,Thomas J. Watson,Bilgelik,No,396,,1320024,Settings (https://app.notion.com/p/Settings-14943b1db85c81148390c1de2da61e35?pvs=21),
To conquer oneself is the best and noblest victory; to be vanquished by one's own nature is the worst and most ignoble defeat.,Plato,Bilgelik,No,394,,1800038,Settings (https://app.notion.com/p/Settings-14943b1db85c81148390c1de2da61e35?pvs=21),
To love and be loved is to the feel the sun from both sides,David Viscott,Sevgi,No,398,,2696746,Settings (https://app.notion.com/p/Settings-14943b1db85c81148390c1de2da61e35?pvs=21),
Wisdom is knowing what to do next; virtue is doing it.,David Starr Jordan,Bilgelik,No,395,,2007796,Settings (https://app.notion.com/p/Settings-14943b1db85c81148390c1de2da61e35?pvs=21),
A coward is incapable of exhibiting love; it is the prerogative of the brave.,Mahatma Gandhi,Cesaret,No,407,,1659864,Settings (https://app.notion.com/p/Settings-14943b1db85c81148390c1de2da61e35?pvs=21),
"The successful warrior is the average man, with laser-like focus.",Bruce Lee,Başarı,No,408,,148572,Settings (https://app.notion.com/p/Settings-14943b1db85c81148390c1de2da61e35?pvs=21),
"The brave may not live forever, but the cautious do not live at all.",Richard Branson,Cesaret,No,415,,2945588,Settings (https://app.notion.com/p/Settings-14943b1db85c81148390c1de2da61e35?pvs=21),
"Courage is not simply one of the virtues, but the form of every virtue at the testing point.",C.S. Lewis,Cesaret,No,410,,593570,Settings (https://app.notion.com/p/Settings-14943b1db85c81148390c1de2da61e35?pvs=21),
"If you really want to do something, you'll find a way. If you don't, you'll find an excuse.",Jim Rohn,Başarı,No,412,,1671048,Settings (https://app.notion.com/p/Settings-14943b1db85c81148390c1de2da61e35?pvs=21),
"We tend to forget that happiness doesn’t come as a result of getting something we don’t have, but rather of recognizing and appreciating what we do have.",Friedrich Koenig,Mutluluk,No,409,,2919574,Settings (https://app.notion.com/p/Settings-14943b1db85c81148390c1de2da61e35?pvs=21),
Success is dependent on effort.,Sophocles,Başarı,No,414,,1617498,Settings (https://app.notion.com/p/Settings-14943b1db85c81148390c1de2da61e35?pvs=21),
"If you want happiness for an hour, take a nap. If you want happiness for a day, go fishing. If you want happiness for a year, inherit a fortune. If you want happiness for a lifetime, help someone else.",Chinese Proverb,Mutluluk,No,411,,2932730,Settings (https://app.notion.com/p/Settings-14943b1db85c81148390c1de2da61e35?pvs=21),
The greatest wisdom is to realize one's lack of it.,Lao Tzu,Bilgelik,No,413,,2026940,Settings (https://app.notion.com/p/Settings-14943b1db85c81148390c1de2da61e35?pvs=21),
Courage is the ladder on which all the other virtues mount.,Clare Booth Luce,Cesaret,No,405,,1188104,Settings (https://app.notion.com/p/Settings-14943b1db85c81148390c1de2da61e35?pvs=21),
Courage is knowing what not to fear.,Plato,Cesaret,No,406,,1945388,Settings (https://app.notion.com/p/Settings-14943b1db85c81148390c1de2da61e35?pvs=21),
The only way to achieve the impossible is to believe it is possible,Charles Kingsleigh,İlham,No,423,,1537738,Settings (https://app.notion.com/p/Settings-14943b1db85c81148390c1de2da61e35?pvs=21),
Wisdom comes from experience. Experience is often a result of lack of wisdom.,Terry Pratchett,Bilgelik,No,426,,2241936,Settings (https://app.notion.com/p/Settings-14943b1db85c81148390c1de2da61e35?pvs=21),
A wise man will make more opportunities than he finds.,Francis Bacon,Bilgelik,No,421,,1201108,Settings (https://app.notion.com/p/Settings-14943b1db85c81148390c1de2da61e35?pvs=21),
Life isn’t about waiting for the storm to pass but learning to dance in the rain,Vivian Greene,İlham,No,425,,179310,Settings (https://app.notion.com/p/Settings-14943b1db85c81148390c1de2da61e35?pvs=21),
Believe you can and you're halfway there,Theodore Roosevelt,İlham,No,418,,641334,Settings (https://app.notion.com/p/Settings-14943b1db85c81148390c1de2da61e35?pvs=21),
At the touch of love everyone becomes a poet,Plato,Sevgi,No,416,,2381944,Settings (https://app.notion.com/p/Settings-14943b1db85c81148390c1de2da61e35?pvs=21),
"Courage is not the absence of fear, but rather the judgment that something else is more important than fear.",Ambrose Redmoon,Cesaret,No,424,,1170636,Settings (https://app.notion.com/p/Settings-14943b1db85c81148390c1de2da61e35?pvs=21),
"Even a fool, when he holds his peace, is counted wise.",Proverbs 17:28,Bilgelik,No,422,,1011614,Settings (https://app.notion.com/p/Settings-14943b1db85c81148390c1de2da61e35?pvs=21),
Wisdom is oftentimes nearer when we stoop than when we soar.,William Wordsworth,Bilgelik,No,417,,2520922,Settings (https://app.notion.com/p/Settings-14943b1db85c81148390c1de2da61e35?pvs=21),
Happiness is a choice that requires effort at times.,Aeschylus,Mutluluk,No,420,,1218974,Settings (https://app.notion.com/p/Settings-14943b1db85c81148390c1de2da61e35?pvs=21),
The wise understand by themselves; fools follow the reports of others.,Tibetan Proverb,Bilgelik,No,419,,2181134,Settings (https://app.notion.com/p/Settings-14943b1db85c81148390c1de2da61e35?pvs=21),
Life shrinks or expands in proportion to one’s courage.,Anaïs Nin,Cesaret,No,430,,951942,Settings (https://app.notion.com/p/Settings-14943b1db85c81148390c1de2da61e35?pvs=21),
Love does not dominate; it cultivates,Johann Wolfgang von Goethe,Sevgi,No,434,,1815546,Settings (https://app.notion.com/p/Settings-14943b1db85c81148390c1de2da61e35?pvs=21),
Bravery is the capacity to perform properly even when scared half to death.,Omar Bradley,Cesaret,No,428,,2213150,Settings (https://app.notion.com/p/Settings-14943b1db85c81148390c1de2da61e35?pvs=21),
Love takes off masks that we fear we cannot live without and know we cannot live within,James Baldwin,Sevgi,No,427,,1069762,Settings (https://app.notion.com/p/Settings-14943b1db85c81148390c1de2da61e35?pvs=21),
The happiest people are those who think the most interesting thoughts.,William Lyon Phelps,Mutluluk,No,432,,2999056,Settings (https://app.notion.com/p/Settings-14943b1db85c81148390c1de2da61e35?pvs=21),
Wisdom outweighs any wealth.,Sophocles,Bilgelik,No,431,,2008930,Settings (https://app.notion.com/p/Settings-14943b1db85c81148390c1de2da61e35?pvs=21),
"The fool doth think he is wise, but the wise man knows himself to be a fool.",William Shakespeare,Bilgelik,No,433,,694574,Settings (https://app.notion.com/p/Settings-14943b1db85c81148390c1de2da61e35?pvs=21),
"Happiness doesn’t result from what we get, but from what we give.",Ben Carson,Mutluluk,No,436,,1157824,Settings (https://app.notion.com/p/Settings-14943b1db85c81148390c1de2da61e35?pvs=21),
The first duty of love is to listen,Paul Tillich,Sevgi,No,429,,1191858,Settings (https://app.notion.com/p/Settings-14943b1db85c81148390c1de2da61e35?pvs=21),
Action may not always bring happiness; but there is no happiness without action.,Benjamin Disraeli,Mutluluk,No,435,,220802,Settings (https://app.notion.com/p/Settings-14943b1db85c81148390c1de2da61e35?pvs=21),
It’s pretty hard to tell what does bring happiness. Poverty and wealth have both failed.,Kin Hubbard,Mutluluk,No,446,,1411990,Settings (https://app.notion.com/p/Settings-14943b1db85c81148390c1de2da61e35?pvs=21),
"The most important thing in life is to learn how to give out love, and to let it come in",Morrie Schwartz,Sevgi,No,441,,2130960,Settings (https://app.notion.com/p/Settings-14943b1db85c81148390c1de2da61e35?pvs=21),
Fear cuts deeper than swords.,George R.R. Martin,Cesaret,No,439,,1554658,Settings (https://app.notion.com/p/Settings-14943b1db85c81148390c1de2da61e35?pvs=21),
A person who never made a mistake never tried anything new,Albert Einstein,İlham,No,442,,945320,Settings (https://app.notion.com/p/Settings-14943b1db85c81148390c1de2da61e35?pvs=21),
"Some people dream of success, while other people get up every morning and make it happen.",Wayne Huizenga,Başarı,No,445,,2157652,Settings (https://app.notion.com/p/Settings-14943b1db85c81148390c1de2da61e35?pvs=21),
"If I know what love is, it is because of you",Hermann Hesse,Sevgi,No,444,,2678954,Settings (https://app.notion.com/p/Settings-14943b1db85c81148390c1de2da61e35?pvs=21),
It is better to fail in originality than to succeed in imitation.,Herman Melville,Başarı,No,437,,2428348,Settings (https://app.notion.com/p/Settings-14943b1db85c81148390c1de2da61e35?pvs=21),
Love will find a way through paths where wolves fear to prey,Lord Byron,Sevgi,No,438,,420838,Settings (https://app.notion.com/p/Settings-14943b1db85c81148390c1de2da61e35?pvs=21),
All happiness depends on courage and work.,Honoré de Balzac,Mutluluk,No,440,,299024,Settings (https://app.notion.com/p/Settings-14943b1db85c81148390c1de2da61e35?pvs=21),
Love is composed of a single soul inhabiting two bodies,Aristotle,Sevgi,No,447,,696658,Settings (https://app.notion.com/p/Settings-14943b1db85c81148390c1de2da61e35?pvs=21),
"A wise man adapts himself to circumstances, as water shapes itself to the vessel that contains it.",Chinese Proverb,Bilgelik,No,443,,3030224,Settings (https://app.notion.com/p/Settings-14943b1db85c81148390c1de2da61e35?pvs=21),
"Love does not consist in gazing at each other, but in looking outward together in the same direction",Antoine de Saint-Exupéry,Sevgi,No,455,,916290,Settings (https://app.notion.com/p/Settings-14943b1db85c81148390c1de2da61e35?pvs=21),
A wise man can learn more from a foolish question than a fool can learn from a wise answer.,Bruce Lee,Bilgelik,No,453,,2344796,Settings (https://app.notion.com/p/Settings-14943b1db85c81148390c1de2da61e35?pvs=21),
The secret to happiness is freedom... And the secret to freedom is courage.,Thucydides,Cesaret,No,449,,2618952,Settings (https://app.notion.com/p/Settings-14943b1db85c81148390c1de2da61e35?pvs=21),
"You can’t use up creativity. The more you use, the more you have",Maya Angelou,İlham,No,451,,2242326,Settings (https://app.notion.com/p/Settings-14943b1db85c81148390c1de2da61e35?pvs=21),
Experience is not what happens to you; it’s what you do with what happens to you.,Aldous Huxley,Bilgelik,No,454,,2340120,Settings (https://app.notion.com/p/Settings-14943b1db85c81148390c1de2da61e35?pvs=21),
Love is a force more formidable than any other,Barbara De Angelis,Sevgi,No,456,,695964,Settings (https://app.notion.com/p/Settings-14943b1db85c81148390c1de2da61e35?pvs=21),
Love does not claim possession but gives freedom,Rabindranath Tagore,Sevgi,No,452,,1366472,Settings (https://app.notion.com/p/Settings-14943b1db85c81148390c1de2da61e35?pvs=21),
The power of imagination makes us infinite,John Muir,İlham,No,448,,1754080,Settings (https://app.notion.com/p/Settings-14943b1db85c81148390c1de2da61e35?pvs=21),
Happiness is nothing but good health and freedom.,Albert Einstein,Mutluluk,No,457,,1257940,Settings (https://app.notion.com/p/Settings-14943b1db85c81148390c1de2da61e35?pvs=21),
"Success is not final, failure is not fatal: It is the courage to continue that counts.",Winston Churchill,Başarı,No,450,,2468776,Settings (https://app.notion.com/p/Settings-14943b1db85c81148390c1de2da61e35?pvs=21),
"Courage is contagious. When a brave man takes a stand, the spines of others are often stiffened.",Billy Graham,Cesaret,No,458,,2744584,Settings (https://app.notion.com/p/Settings-14943b1db85c81148390c1de2da61e35?pvs=21),
"The secret of happiness is not in doing what one likes, but in liking what one does.",James M. Barrie,Mutluluk,No,468,,2495614,Settings (https://app.notion.com/p/Settings-14943b1db85c81148390c1de2da61e35?pvs=21),
Success is walking from failure to failure with no loss of enthusiasm.,Winston Churchill,Başarı,No,466,,2725518,Settings (https://app.notion.com/p/Settings-14943b1db85c81148390c1de2da61e35?pvs=21),
"To be brave is to love someone unconditionally, without expecting anything in return",Margaret Mitchell,Sevgi,No,465,,1658530,Settings (https://app.notion.com/p/Settings-14943b1db85c81148390c1de2da61e35?pvs=21),
"A table, a chair, a bowl of fruit and a violin; what else does a man need to be happy?",Albert Einstein,Mutluluk,No,469,,1959838,Settings (https://app.notion.com/p/Settings-14943b1db85c81148390c1de2da61e35?pvs=21),
The truest wisdom is a resolute determination.,Napoleon Bonaparte,Bilgelik,No,467,,3021572,Settings (https://app.notion.com/p/Settings-14943b1db85c81148390c1de2da61e35?pvs=21),
There is no traffic jam along the extra mile,Roger Staubach,İlham,No,463,,1518608,Settings (https://app.notion.com/p/Settings-14943b1db85c81148390c1de2da61e35?pvs=21),
It is characteristic of wisdom not to do desperate things.,Henry David Thoreau,Bilgelik,No,461,,1883042,Settings (https://app.notion.com/p/Settings-14943b1db85c81148390c1de2da61e35?pvs=21),
"Happiness is a journey, not a destination.",Buddha,Mutluluk,No,459,,2683644,Settings (https://app.notion.com/p/Settings-14943b1db85c81148390c1de2da61e35?pvs=21),
Love is a smoke and is made with the fume of sighs,William Shakespeare,Sevgi,No,464,,154480,Settings (https://app.notion.com/p/Settings-14943b1db85c81148390c1de2da61e35?pvs=21),
"Do not be embarrassed by your failures, learn from them and start again.",Richard Branson,Başarı,No,460,,1095962,Settings (https://app.notion.com/p/Settings-14943b1db85c81148390c1de2da61e35?pvs=21),
Happiness is an inside job.,William Arthur Ward,Mutluluk,No,462,,914958,Settings (https://app.notion.com/p/Settings-14943b1db85c81148390c1de2da61e35?pvs=21),
"Success is not in what you have, but who you are.",Bo Bennett,Başarı,No,471,,2355376,Settings (https://app.notion.com/p/Settings-14943b1db85c81148390c1de2da61e35?pvs=21),
"Happiness is not the absence of problems, it's the ability to deal with them.",Steve Maraboli,Mutluluk,No,470,,2755958,Settings (https://app.notion.com/p/Settings-14943b1db85c81148390c1de2da61e35?pvs=21),
It is curious that physical courage should be so common in the world and moral courage so rare.,Mark Twain,Cesaret,No,472,,1733878,Settings (https://app.notion.com/p/Settings-14943b1db85c81148390c1de2da61e35?pvs=21),
Happiness depends upon ourselves.,Aristotle,Mutluluk,No,474,,1338812,Settings (https://app.notion.com/p/Settings-14943b1db85c81148390c1de2da61e35?pvs=21),
Courage is like a muscle. We strengthen it by use.,Ruth Gordo,Cesaret,No,475,,2888908,Settings (https://app.notion.com/p/Settings-14943b1db85c81148390c1de2da61e35?pvs=21),
The only true wisdom is in knowing you know nothing.,Socrates,Bilgelik,No,473,,1651428,Settings (https://app.notion.com/p/Settings-14943b1db85c81148390c1de2da61e35?pvs=21),
Do not pray for an easy life; pray for the strength to endure a difficult one.,Bruce Lee,Cesaret,No,478,,2386392,Settings (https://app.notion.com/p/Settings-14943b1db85c81148390c1de2da61e35?pvs=21),
"Life is really simple, but we insist on making it complicated.",Confucius,Mutluluk,No,479,,128744,Settings (https://app.notion.com/p/Settings-14943b1db85c81148390c1de2da61e35?pvs=21),
"Success is not how high you have climbed, but how you make a positive difference to the world.",Roy T. Bennett,Başarı,No,476,,2683738,Settings (https://app.notion.com/p/Settings-14943b1db85c81148390c1de2da61e35?pvs=21),
An investment in knowledge pays the best interest.,Benjamin Franklin,Bolluk&Bereket,No,480,,1232854,Settings (https://app.notion.com/p/Settings-14943b1db85c81148390c1de2da61e35?pvs=21),
"In the end, it's not the years in your life that count. It's the life in your years",Abraham Lincoln,Gelişim,No,482,,3091044,Settings (https://app.notion.com/p/Settings-14943b1db85c81148390c1de2da61e35?pvs=21),
"Keep your face always toward the sunshine, and shadows will fall behind you",Walt Whitman,İlham,No,477,,636116,Settings (https://app.notion.com/p/Settings-14943b1db85c81148390c1de2da61e35?pvs=21),
"Life is growth. If we stop growing, technically and spiritually, we are as good as dead",Morihei Ueshiba,Gelişim,No,483,,1199134,Settings (https://app.notion.com/p/Settings-14943b1db85c81148390c1de2da61e35?pvs=21),
"Every moment of one's existence, one is growing into more or retreating into less",Norman Mailer,Gelişim,No,481,,2013095,Settings (https://app.notion.com/p/Settings-14943b1db85c81148390c1de2da61e35?pvs=21),
Growth is never by mere chance; it is the result of forces working together,James Cash Penney,Gelişim,No,485,,489506,Settings (https://app.notion.com/p/Settings-14943b1db85c81148390c1de2da61e35?pvs=21),
We can't become what we need to be by remaining what we are,Oprah Winfrey,Gelişim,No,491,,2069180,Settings (https://app.notion.com/p/Settings-14943b1db85c81148390c1de2da61e35?pvs=21),
"Be not afraid of growing slowly, be afraid only of standing still",Chinese Proverb,Gelişim,No,493,,937486,Settings (https://app.notion.com/p/Settings-14943b1db85c81148390c1de2da61e35?pvs=21),
"Friendship is unnecessary, like philosophy, like art... It has no survival value; rather it is one of those things that give value to survival",C.S. Lewis,Dostluk,No,489,,1569990,Settings (https://app.notion.com/p/Settings-14943b1db85c81148390c1de2da61e35?pvs=21),
"There are no great limits to growth because there are no limits of human intelligence, imagination, and wonder",Ronald Reagan,Gelişim,No,484,,1849194,Settings (https://app.notion.com/p/Settings-14943b1db85c81148390c1de2da61e35?pvs=21),
A friend knows the song in my heart and sings it to me when my memory fails,Donna Roberts,Dostluk,No,488,,2713894,Settings (https://app.notion.com/p/Settings-14943b1db85c81148390c1de2da61e35?pvs=21),
A real friend is one who walks in when the rest of the world walks out,Walter Winchell,Dostluk,No,486,,801050,Settings (https://app.notion.com/p/Settings-14943b1db85c81148390c1de2da61e35?pvs=21),
"Friendship is the shadow of the evening, which strengthens with the setting sun of life",La Fontaine,Dostluk,No,495,,2310258,Settings (https://app.notion.com/p/Settings-14943b1db85c81148390c1de2da61e35?pvs=21),
"To get rich, you have to be making money while you’re asleep.",David Bailey,Bolluk&Bereket,No,487,,68696,Settings (https://app.notion.com/p/Settings-14943b1db85c81148390c1de2da61e35?pvs=21),
"If you don't build your dream, someone else will hire you to help them build theirs",Dhirubhai Ambani,Gelişim,No,490,,1597124,Settings (https://app.notion.com/p/Settings-14943b1db85c81148390c1de2da61e35?pvs=21),
The only wealth which you will keep forever is the wealth you have given away.,Marcus Aurelius,Bolluk&Bereket,No,492,,995910,Settings (https://app.notion.com/p/Settings-14943b1db85c81148390c1de2da61e35?pvs=21),
The greatest healing therapy is friendship and love,Hubert H. Humphrey,Dostluk,No,494,,1249912,Settings (https://app.notion.com/p/Settings-14943b1db85c81148390c1de2da61e35?pvs=21),
A friend is one of the nicest things you can have and one of the best things you can be,Winnie the Pooh,Dostluk,No,503,,499818,Settings (https://app.notion.com/p/Settings-14943b1db85c81148390c1de2da61e35?pvs=21),
"Wealth is of the heart and mind, not the pocket.",Pharrell Williams,Bolluk&Bereket,No,497,,1384222,Settings (https://app.notion.com/p/Settings-14943b1db85c81148390c1de2da61e35?pvs=21),
A friend is someone who makes it easy to believe in yourself,Heidi Wills,Dostluk,No,502,,1608716,Settings (https://app.notion.com/p/Settings-14943b1db85c81148390c1de2da61e35?pvs=21),
Friends are the siblings God never gave us,Mencius,Dostluk,No,504,,2241748,Settings (https://app.notion.com/p/Settings-14943b1db85c81148390c1de2da61e35?pvs=21),
The greatest thing in this world is not so much where we stand as in what direction we are moving,Oliver Wendell Holmes,Gelişim,No,500,,558760,Settings (https://app.notion.com/p/Settings-14943b1db85c81148390c1de2da61e35?pvs=21),
"The only way to make sense out of change is to plunge into it, move with it, and join the dance",Alan Watts,Gelişim,No,496,,388278,Settings (https://app.notion.com/p/Settings-14943b1db85c81148390c1de2da61e35?pvs=21),
Success seems to be largely a matter of hanging on after others have let go,William Feather,Gelişim,No,499,,2949646,Settings (https://app.notion.com/p/Settings-14943b1db85c81148390c1de2da61e35?pvs=21),
I’d like to live as a poor man with lots of money.,Pablo Picasso,Bolluk&Bereket,No,498,,759918,Settings (https://app.notion.com/p/Settings-14943b1db85c81148390c1de2da61e35?pvs=21),
"Without continual growth and progress, such words as improvement, achievement, and success have no meaning",Benjamin Franklin,Gelişim,No,501,,2112644,Settings (https://app.notion.com/p/Settings-14943b1db85c81148390c1de2da61e35?pvs=21),
"The greatest glory in living lies not in never falling, but in rising every time we fall",Nelson Mandela,Gelişim,No,505,,2022448,Settings (https://app.notion.com/p/Settings-14943b1db85c81148390c1de2da61e35?pvs=21),
You grow more when you get more people's perspectives,Mark Zuckerberg,Gelişim,No,509,,1712010,Settings (https://app.notion.com/p/Settings-14943b1db85c81148390c1de2da61e35?pvs=21),
"Financial peace isn’t the acquisition of stuff. It’s learning to live on less than you make, so you can give money back and have money to invest. You can’t win until you do this.",Dave Ramsey,Bolluk&Bereket,No,511,,326220,Settings (https://app.notion.com/p/Settings-14943b1db85c81148390c1de2da61e35?pvs=21),
The most I can do for my friend is simply be his friend,Henry David Thoreau,Dostluk,No,516,,773924,Settings (https://app.notion.com/p/Settings-14943b1db85c81148390c1de2da61e35?pvs=21),
Every problem is a gift — without problems we would not grow,Tony Robbins,Gelişim,No,512,,1630018,Settings (https://app.notion.com/p/Settings-14943b1db85c81148390c1de2da61e35?pvs=21),
"Don't dwell on what went wrong. Instead, focus on what to do next",Denis Waitley,Gelişim,No,510,,774222,Settings (https://app.notion.com/p/Settings-14943b1db85c81148390c1de2da61e35?pvs=21),
The desire for riches is simply the capacity for larger life seeking fulfillment.,Wallace D. Wattles,Bolluk&Bereket,No,515,,495970,Settings (https://app.notion.com/p/Settings-14943b1db85c81148390c1de2da61e35?pvs=21),
A true friend stabs you in the front,Oscar Wilde,Dostluk,No,507,,2575410,Settings (https://app.notion.com/p/Settings-14943b1db85c81148390c1de2da61e35?pvs=21),
"Growth is a spiral process, doubling back on itself, reassessing and regrouping",Julia Margaret Cameron,Gelişim,No,514,,2926070,Settings (https://app.notion.com/p/Settings-14943b1db85c81148390c1de2da61e35?pvs=21),
The only journey is the journey within,Rainer Maria Rilke,Gelişim,No,513,,2015578,Settings (https://app.notion.com/p/Settings-14943b1db85c81148390c1de2da61e35?pvs=21),
"In the end, we will remember not the words of our enemies, but the silence of our friends",Martin Luther King Jr.,Dostluk,No,506,,743334,Settings (https://app.notion.com/p/Settings-14943b1db85c81148390c1de2da61e35?pvs=21),
"Problems are not stop signs, they are guidelines",Robert H. Schuller,Gelişim,No,508,,1917592,Settings (https://app.notion.com/p/Settings-14943b1db85c81148390c1de2da61e35?pvs=21),
You must be the change you wish to see in the world,Mahatma Gandhi,Gelişim,No,524,,1538270,Settings (https://app.notion.com/p/Settings-14943b1db85c81148390c1de2da61e35?pvs=21),
The only limits to the possibilities in your life tomorrow are the buts you use today,Les Brown,Gelişim,No,523,,2056670,Settings (https://app.notion.com/p/Settings-14943b1db85c81148390c1de2da61e35?pvs=21),
Change your thoughts and you change your world,Norman Vincent Peale,Gelişim,No,519,,2115884,Settings (https://app.notion.com/p/Settings-14943b1db85c81148390c1de2da61e35?pvs=21),
Being rich is having money; being wealthy is having time.,Margaret Bonnano,Bolluk&Bereket,No,520,,1583296,Settings (https://app.notion.com/p/Settings-14943b1db85c81148390c1de2da61e35?pvs=21),
A true friend reaches for your hand and touches your heart,Heather Pryor,Dostluk,No,526,,1695126,Settings (https://app.notion.com/p/Settings-14943b1db85c81148390c1de2da61e35?pvs=21),
A friend is someone who gives you total freedom to be yourself,Jim Morrison,Dostluk,No,525,,1846278,Settings (https://app.notion.com/p/Settings-14943b1db85c81148390c1de2da61e35?pvs=21),
A friend is what the heart needs all the time,Henry Van Dyke,Dostluk,No,521,,1757734,Settings (https://app.notion.com/p/Settings-14943b1db85c81148390c1de2da61e35?pvs=21),
Friendship is the only cement that will ever hold the world together,Woodrow Wilson,Dostluk,No,518,,1392520,Settings (https://app.notion.com/p/Settings-14943b1db85c81148390c1de2da61e35?pvs=21),
Money often costs too much.,Ralph Waldo Emerson,Bolluk&Bereket,No,517,,920226,Settings (https://app.notion.com/p/Settings-14943b1db85c81148390c1de2da61e35?pvs=21),
Friendship marks a life even more deeply than love,Elie Wiesel,Dostluk,No,522,,273216,Settings (https://app.notion.com/p/Settings-14943b1db85c81148390c1de2da61e35?pvs=21),
"Happiness is not in the mere possession of money; it lies in the joy of achievement, in the thrill of creative effort.",Franklin D. Roosevelt,Bolluk&Bereket,No,528,,1399786,Settings (https://app.notion.com/p/Settings-14943b1db85c81148390c1de2da61e35?pvs=21),
Growth is the only evidence of life,John Henry Newman,Gelişim,No,533,,1382838,Settings (https://app.notion.com/p/Settings-14943b1db85c81148390c1de2da61e35?pvs=21),
A friend to all is a friend to none,Aristotle,Dostluk,No,537,,395592,Settings (https://app.notion.com/p/Settings-14943b1db85c81148390c1de2da61e35?pvs=21),
A true friend is the greatest of all blessings,François de La Rochefoucauld,Dostluk,No,534,,370996,Settings (https://app.notion.com/p/Settings-14943b1db85c81148390c1de2da61e35?pvs=21),
"A friend is one that knows you as you are, understands where you have been, accepts what you have become, and still, gently allows you to grow",William Shakespeare,Dostluk,No,527,,1613532,Settings (https://app.notion.com/p/Settings-14943b1db85c81148390c1de2da61e35?pvs=21),
Friendship is a sheltering tree,Samuel Taylor Coleridge,Dostluk,No,530,,2055524,Settings (https://app.notion.com/p/Settings-14943b1db85c81148390c1de2da61e35?pvs=21),
Personal growth is not a matter of learning new information but unlearning old limits,Alan Cohen,Gelişim,No,532,,1336454,Settings (https://app.notion.com/p/Settings-14943b1db85c81148390c1de2da61e35?pvs=21),
One can choose to go back toward safety or forward toward growth,Abraham Maslow,Gelişim,No,529,,2120600,Settings (https://app.notion.com/p/Settings-14943b1db85c81148390c1de2da61e35?pvs=21),
A person who never made a mistake never tried anything new,Albert Einstein,Gelişim,No,535,,2997866,Settings (https://app.notion.com/p/Settings-14943b1db85c81148390c1de2da61e35?pvs=21),
"It’s good to have money and the things that money can buy, but it’s good, too, to check up once in a while and make sure that you haven’t lost the things that money can’t buy.",George Lorimer,Bolluk&Bereket,No,531,,352084,Settings (https://app.notion.com/p/Settings-14943b1db85c81148390c1de2da61e35?pvs=21),
"Success is the sum of small efforts, repeated day in and day out",Robert Collier,Gelişim,No,536,,587556,Settings (https://app.notion.com/p/Settings-14943b1db85c81148390c1de2da61e35?pvs=21),
The greatest wealth is a poverty of desires.,Seneca,Bolluk&Bereket,No,541,,332430,Settings (https://app.notion.com/p/Settings-14943b1db85c81148390c1de2da61e35?pvs=21),
The most beautiful discovery true friends make is that they can grow separately without growing apart,Elisabeth Foley,Dostluk,No,543,,1899430,Settings (https://app.notion.com/p/Settings-14943b1db85c81148390c1de2da61e35?pvs=21),
"I am always doing that which I cannot do, in order that I may learn how to do it",Pablo Picasso,Gelişim,No,546,,511720,Settings (https://app.notion.com/p/Settings-14943b1db85c81148390c1de2da61e35?pvs=21),
Formal education will make you a living; self-education will make you a fortune.,Jim Rohn,Bolluk&Bereket,No,549,,1423072,Settings (https://app.notion.com/p/Settings-14943b1db85c81148390c1de2da61e35?pvs=21),
"Wealth is like seawater; the more we drink, the thirstier we become.",Arthur Schopenhauer,Bolluk&Bereket,No,538,,2976000,Settings (https://app.notion.com/p/Settings-14943b1db85c81148390c1de2da61e35?pvs=21),
The goal isn’t more money. The goal is living life on your terms.,Chris Brogan,Bolluk&Bereket,No,545,,43470,Settings (https://app.notion.com/p/Settings-14943b1db85c81148390c1de2da61e35?pvs=21),
The only way to have a friend is to be one,Ralph Waldo Emerson,Dostluk,No,542,,959702,Settings (https://app.notion.com/p/Settings-14943b1db85c81148390c1de2da61e35?pvs=21),
There is nothing on this earth more to be prized than true friendship,Thomas Aquinas,Dostluk,No,539,,1815200,Settings (https://app.notion.com/p/Settings-14943b1db85c81148390c1de2da61e35?pvs=21),
"True friends are those who, when you make a fool of yourself, don’t believe that this condition is permanent",Erwin T. Randall,Dostluk,No,544,,2459554,Settings (https://app.notion.com/p/Settings-14943b1db85c81148390c1de2da61e35?pvs=21),
"When we are no longer able to change a situation, we are challenged to change ourselves",Viktor E. Frankl,Gelişim,No,548,,1178044,Settings (https://app.notion.com/p/Settings-14943b1db85c81148390c1de2da61e35?pvs=21),
"Wealth is a tool of freedom, but the pursuit of wealth is the way to slavery.",Frank Herbert,Bolluk&Bereket,No,547,,2967604,Settings (https://app.notion.com/p/Settings-14943b1db85c81148390c1de2da61e35?pvs=21),
"Friendship is like money, easier made than kept",Samuel Butler,Dostluk,No,540,,1412564,Settings (https://app.notion.com/p/Settings-14943b1db85c81148390c1de2da61e35?pvs=21),
"The more you know yourself, the more clarity there is",Jiddu Krishnamurti,Gelişim,No,554,,1405876,Settings (https://app.notion.com/p/Settings-14943b1db85c81148390c1de2da61e35?pvs=21),
"Your economic security does not lie in your job; it lies in your own power to produce, to think, to learn, to create, to adapt.",Stephen Covey,Bolluk&Bereket,No,551,,20320,Settings (https://app.notion.com/p/Settings-14943b1db85c81148390c1de2da61e35?pvs=21),
Walking with a friend in the dark is better than walking alone in the light,Helen Keller,Dostluk,No,555,,2988046,Settings (https://app.notion.com/p/Settings-14943b1db85c81148390c1de2da61e35?pvs=21),
"Difficulties strengthen the mind, as labor does the body",Seneca,Gelişim,No,550,,967168,Settings (https://app.notion.com/p/Settings-14943b1db85c81148390c1de2da61e35?pvs=21),
A true friend is the one who holds your hand and touches your heart,Gabriel Garcia Marquez,Dostluk,No,553,,46790,Settings (https://app.notion.com/p/Settings-14943b1db85c81148390c1de2da61e35?pvs=21),
My best friend is the one who brings out the best in me,Henry Ford,Dostluk,No,559,,2461820,Settings (https://app.notion.com/p/Settings-14943b1db85c81148390c1de2da61e35?pvs=21),
He who has a why to live can bear almost any how,Friedrich Nietzsche,Gelişim,No,557,,1942808,Settings (https://app.notion.com/p/Settings-14943b1db85c81148390c1de2da61e35?pvs=21),
"Life is partly what we make it, and partly what it is made by the friends we choose",Tennessee Williams,Dostluk,No,552,,1086484,Settings (https://app.notion.com/p/Settings-14943b1db85c81148390c1de2da61e35?pvs=21),
Money is a terrible master but an excellent servant.,P.T. Barnum,Bolluk&Bereket,No,556,,2363436,Settings (https://app.notion.com/p/Settings-14943b1db85c81148390c1de2da61e35?pvs=21),
"A single rose can be my garden... a single friend, my world",Leo Buscaglia,Dostluk,No,558,,1030796,Settings (https://app.notion.com/p/Settings-14943b1db85c81148390c1de2da61e35?pvs=21),
A great fortune is a great slavery.,Seneca,Bolluk&Bereket,No,560,,323258,Settings (https://app.notion.com/p/Settings-14943b1db85c81148390c1de2da61e35?pvs=21),
"When wealth is lost, nothing is lost; when health is lost, something is lost; when character is lost, all is lost.",Billy Graham,Bolluk&Bereket,No,561,,2711744,Settings (https://app.notion.com/p/Settings-14943b1db85c81148390c1de2da61e35?pvs=21),
A good friend is like a four-leaf clover; hard to find and lucky to have,Irish Proverb,Dostluk,No,568,,2171534,Settings (https://app.notion.com/p/Settings-14943b1db85c81148390c1de2da61e35?pvs=21),
"Friendship is always a sweet responsibility, never an opportunity",Khalil Gibran,Dostluk,No,570,,2608460,Settings (https://app.notion.com/p/Settings-14943b1db85c81148390c1de2da61e35?pvs=21),
Friendship makes prosperity more shining and lessens adversity by dividing and sharing it,Cicero,Dostluk,No,565,,1286968,Settings (https://app.notion.com/p/Settings-14943b1db85c81148390c1de2da61e35?pvs=21),
Financial freedom is available to those who learn about it and work for it.,Robert Kiyosaki,Bolluk&Bereket,No,572,,1113008,Settings (https://app.notion.com/p/Settings-14943b1db85c81148390c1de2da61e35?pvs=21),
Growth is painful. Change is painful. But nothing is as painful as staying stuck somewhere,Mandy Hale,Gelişim,No,563,,1961580,Settings (https://app.notion.com/p/Settings-14943b1db85c81148390c1de2da61e35?pvs=21),
The lack of money is the root of all evil.,Mark Twain,Bolluk&Bereket,No,573,,432720,Settings (https://app.notion.com/p/Settings-14943b1db85c81148390c1de2da61e35?pvs=21),
In any given moment we have two options: to step forward into growth or step back into safety,Abraham Maslow,Gelişim,No,566,,2582078,Settings (https://app.notion.com/p/Settings-14943b1db85c81148390c1de2da61e35?pvs=21),
"Not he who has much is rich, but he who gives much.",Erich Fromm,Bolluk&Bereket,No,569,,2191472,Settings (https://app.notion.com/p/Settings-14943b1db85c81148390c1de2da61e35?pvs=21),
Growth is the great separator between those who succeed and those who do not,John C. Maxwell,Gelişim,No,571,,2126702,Settings (https://app.notion.com/p/Settings-14943b1db85c81148390c1de2da61e35?pvs=21),
All riches have their origin in mind. Wealth is in ideas—not money.,Robert Collier,Bolluk&Bereket,No,562,,412146,Settings (https://app.notion.com/p/Settings-14943b1db85c81148390c1de2da61e35?pvs=21),
"If you're not willing to risk the usual, you will have to settle for the ordinary",Jim Rohn,Gelişim,No,567,,2067254,Settings (https://app.notion.com/p/Settings-14943b1db85c81148390c1de2da61e35?pvs=21),
"He is richest who is content with the least, for content is the wealth of nature.",Socrates,Bolluk&Bereket,No,564,,808534,Settings (https://app.notion.com/p/Settings-14943b1db85c81148390c1de2da61e35?pvs=21),
"Wealth consists not in having great possessions, but in having few wants.",Epictetus,Bolluk&Bereket,No,574,,2885246,Settings (https://app.notion.com/p/Settings-14943b1db85c81148390c1de2da61e35?pvs=21),
True friendship comes when the silence between two people is comfortable,David Tyson Gentry,Dostluk,No,580,,2697954,Settings (https://app.notion.com/p/Settings-14943b1db85c81148390c1de2da61e35?pvs=21),
Wealth is the slave of a wise man. The master of a fool.,Seneca,Bolluk&Bereket,No,584,,33678,Settings (https://app.notion.com/p/Settings-14943b1db85c81148390c1de2da61e35?pvs=21),
Strength and growth come only through continuous effort and struggle,Napoleon Hill,Gelişim,No,581,,2707668,Settings (https://app.notion.com/p/Settings-14943b1db85c81148390c1de2da61e35?pvs=21),
Change is inevitable. Growth is optional,John C. Maxwell,Gelişim,No,578,,1611568,Settings (https://app.notion.com/p/Settings-14943b1db85c81148390c1de2da61e35?pvs=21),
Friends are the sunshine of life,John Hay,Dostluk,No,576,,1209764,Settings (https://app.notion.com/p/Settings-14943b1db85c81148390c1de2da61e35?pvs=21),
The essence of life is growth,Sigmund Freud,Gelişim,No,577,,603902,Settings (https://app.notion.com/p/Settings-14943b1db85c81148390c1de2da61e35?pvs=21),
You will either step forward into growth or you will step back into safety,Abraham Maslow,Gelişim,No,583,,2324850,Settings (https://app.notion.com/p/Settings-14943b1db85c81148390c1de2da61e35?pvs=21),
Friendship is the golden thread that ties the heart of all the world,John Evelyn,Dostluk,No,575,,1934032,Settings (https://app.notion.com/p/Settings-14943b1db85c81148390c1de2da61e35?pvs=21),
"Friendship improves happiness and abates misery, by the doubling of our joy and the dividing of our grief",Marcus Tullius Cicero,Dostluk,No,579,,1753542,Settings (https://app.notion.com/p/Settings-14943b1db85c81148390c1de2da61e35?pvs=21),
The biggest room in the world is the room for improvement,Helmut Schmidt,Gelişim,No,582,,469062,Settings (https://app.notion.com/p/Settings-14943b1db85c81148390c1de2da61e35?pvs=21),
He who loses wealth loses much; he who loses a friend loses more; but he that loses his courage loses all.,Miguel de Cervantes,Bolluk&Bereket,No,587,,287182,Settings (https://app.notion.com/p/Settings-14943b1db85c81148390c1de2da61e35?pvs=21),
"Life isn't about waiting for the storm to pass, it's about learning how to dance in the rain",Vivian Greene,Gelişim,No,589,,1461712,Settings (https://app.notion.com/p/Settings-14943b1db85c81148390c1de2da61e35?pvs=21),
There are no shortcuts to any place worth going,Beverly Sills,Gelişim,No,595,,221246,Settings (https://app.notion.com/p/Settings-14943b1db85c81148390c1de2da61e35?pvs=21),
"If you want to be wealthy, think of saving as earning.",Benjamin Franklin,Bolluk&Bereket,No,594,,2142212,Settings (https://app.notion.com/p/Settings-14943b1db85c81148390c1de2da61e35?pvs=21),
The language of friendship is not words but meanings,Henry David Thoreau,Dostluk,No,585,,462512,Settings (https://app.notion.com/p/Settings-14943b1db85c81148390c1de2da61e35?pvs=21),
The ornament of a house is the friends who frequent it,Ralph Waldo Emerson,Dostluk,No,593,,2443872,Settings (https://app.notion.com/p/Settings-14943b1db85c81148390c1de2da61e35?pvs=21),
You aren’t wealthy until you have something money can’t buy.,Garth Brooks,Bolluk&Bereket,No,588,,1884768,Settings (https://app.notion.com/p/Settings-14943b1db85c81148390c1de2da61e35?pvs=21),
"Good friends, good books, and a sleepy conscience: this is the ideal life",Mark Twain,Dostluk,No,590,,49214,Settings (https://app.notion.com/p/Settings-14943b1db85c81148390c1de2da61e35?pvs=21),
Wealth is the ability to fully experience life.,Henry David Thoreau,Bolluk&Bereket,No,592,,1100090,Settings (https://app.notion.com/p/Settings-14943b1db85c81148390c1de2da61e35?pvs=21),
A friend is one who knows you and loves you just the same,Elbert Hubbard,Dostluk,No,596,,1379910,Settings (https://app.notion.com/p/Settings-14943b1db85c81148390c1de2da61e35?pvs=21),
"Friends show their love in times of trouble, not in happiness",Euripides,Dostluk,No,591,,1763806,Settings (https://app.notion.com/p/Settings-14943b1db85c81148390c1de2da61e35?pvs=21),
"The more difficulties one has to encounter, within and without, the more significant and the higher in inspiration his life will be",Horace Bushnell,Gelişim,No,586,,2710626,Settings (https://app.notion.com/p/Settings-14943b1db85c81148390c1de2da61e35?pvs=21),
"Wealth is not in making money, but in making the man while he is making money.",John Wicker,Bolluk&Bereket,No,599,,1090174,Settings (https://app.notion.com/p/Settings-14943b1db85c81148390c1de2da61e35?pvs=21),
"Don't gain the world and lose your soul, wisdom is better than silver or gold.",Bob Marley,Bolluk&Bereket,No,605,,782204,Settings (https://app.notion.com/p/Settings-14943b1db85c81148390c1de2da61e35?pvs=21),
You cannot dream yourself into a character; you must hammer and forge yourself one,Henry David Thoreau,Gelişim,No,603,,796470,Settings (https://app.notion.com/p/Settings-14943b1db85c81148390c1de2da61e35?pvs=21),
To improve is to change; to be perfect is to change often,Winston Churchill,Gelişim,No,600,,2239206,Settings (https://app.notion.com/p/Settings-14943b1db85c81148390c1de2da61e35?pvs=21),
In the middle of difficulty lies opportunity,Albert Einstein,Gelişim,No,602,,44794,Settings (https://app.notion.com/p/Settings-14943b1db85c81148390c1de2da61e35?pvs=21),
Friendship is a strong and habitual inclination in two persons to promote the good and happiness of one another,Eustace Budgell,Dostluk,No,606,,1508696,Settings (https://app.notion.com/p/Settings-14943b1db85c81148390c1de2da61e35?pvs=21),
Friendship is the only thing in the world concerning the usefulness of which all mankind are agreed,Cicero,Dostluk,No,604,,954748,Settings (https://app.notion.com/p/Settings-14943b1db85c81148390c1de2da61e35?pvs=21),
Friends are the family we choose for ourselves,Edna Buchanan,Dostluk,No,597,,777218,Settings (https://app.notion.com/p/Settings-14943b1db85c81148390c1de2da61e35?pvs=21),
"Strength shows not only in the ability to persist, but in the ability to start over",F. Scott Fitzgerald,Gelişim,No,601,,2092595,Settings (https://app.notion.com/p/Settings-14943b1db85c81148390c1de2da61e35?pvs=21),
Too many people spend money they haven’t earned to buy things they don’t want to impress people they don’t like.,Will Rogers,Bolluk&Bereket,No,607,,1113600,Settings (https://app.notion.com/p/Settings-14943b1db85c81148390c1de2da61e35?pvs=21),
A good friend can tell you what is the matter with you in a minute,Arnold H. Glasow,Dostluk,No,608,,1401039,Settings (https://app.notion.com/p/Settings-14943b1db85c81148390c1de2da61e35?pvs=21),
"Money is only a tool. It will take you wherever you wish, but it will not replace you as the driver.",Ayn Rand,Bolluk&Bereket,No,598,,1170648,Settings (https://app.notion.com/p/Settings-14943b1db85c81148390c1de2da61e35?pvs=21),
"All change is not growth, as all movement is not forward",Ellen Glasgow,Gelişim,No,613,,3006796,Settings (https://app.notion.com/p/Settings-14943b1db85c81148390c1de2da61e35?pvs=21),
The greatest wealth is to live content with little.,Plato,Bolluk&Bereket,No,615,,2585768,Settings (https://app.notion.com/p/Settings-14943b1db85c81148390c1de2da61e35?pvs=21),
Growth demands a temporary surrender of security,Gail Sheehy,Gelişim,No,616,,1104904,Settings (https://app.notion.com/p/Settings-14943b1db85c81148390c1de2da61e35?pvs=21),
The best way to destroy an enemy is to make him a friend,Abraham Lincoln,Dostluk,No,610,,644488,Settings (https://app.notion.com/p/Settings-14943b1db85c81148390c1de2da61e35?pvs=21),
"Where wealth accumulates, men decay.",Oliver Goldsmith,Bolluk&Bereket,No,617,,983006,Settings (https://app.notion.com/p/Settings-14943b1db85c81148390c1de2da61e35?pvs=21),
Friendship multiplies the good of life and divides the evil,Baltasar Gracian,Dostluk,No,614,,1147522,Settings (https://app.notion.com/p/Settings-14943b1db85c81148390c1de2da61e35?pvs=21),
"If we’re growing, we’re always going to be out of our comfort zone",John C. Maxwell,Gelişim,No,618,,804639,Settings (https://app.notion.com/p/Settings-14943b1db85c81148390c1de2da61e35?pvs=21),
What we achieve inwardly will change outer reality,Plutarch,Gelişim,No,619,,2809658,Settings (https://app.notion.com/p/Settings-14943b1db85c81148390c1de2da61e35?pvs=21),
The individual who says it is not possible should move out of the way of those doing it.,Tricia Cunningham,Bolluk&Bereket,No,612,,698322,Settings (https://app.notion.com/p/Settings-14943b1db85c81148390c1de2da61e35?pvs=21),
Mistakes are the growing pains of wisdom,William George Jordan,Gelişim,No,609,,2122506,Settings (https://app.notion.com/p/Settings-14943b1db85c81148390c1de2da61e35?pvs=21),
One of the most beautiful qualities of true friendship is to understand and to be understood,Seneca,Dostluk,No,611,,1430562,Settings (https://app.notion.com/p/Settings-14943b1db85c81148390c1de2da61e35?pvs=21),
"To the world you may be just one person, but to one person you may be the world",Brandi Snyder,Dostluk,No,620,,1118208,Settings (https://app.notion.com/p/Settings-14943b1db85c81148390c1de2da61e35?pvs=21),
A penny saved is a penny earned.,Benjamin Franklin,Bolluk&Bereket,No,621,,2275012,Settings (https://app.notion.com/p/Settings-14943b1db85c81148390c1de2da61e35?pvs=21),
The best time to make friends is before you need them,Ethel Barrymore,Dostluk,No,630,,1553744,Settings (https://app.notion.com/p/Settings-14943b1db85c81148390c1de2da61e35?pvs=21),
Friendship without self-interest is one of the rare and beautiful things of life,James F. Byrnes,Dostluk,No,623,,3027816,Settings (https://app.notion.com/p/Settings-14943b1db85c81148390c1de2da61e35?pvs=21),
A fool and his money are soon parted.,Thomas Tusser,Bolluk&Bereket,No,622,,350282,Settings (https://app.notion.com/p/Settings-14943b1db85c81148390c1de2da61e35?pvs=21),
"Friendship is born at that moment when one person says to another, ‘What! You too? I thought I was the only one’",C.S. Lewis,Dostluk,No,625,,3017076,Settings (https://app.notion.com/p/Settings-14943b1db85c81148390c1de2da61e35?pvs=21),
It is health that is real wealth and not pieces of gold and silver.,Mahatma Gandhi,Bolluk&Bereket,No,627,,3089150,Settings (https://app.notion.com/p/Settings-14943b1db85c81148390c1de2da61e35?pvs=21),
"The more you learn, the more you earn.",Warren Buffett,Bolluk&Bereket,No,631,,1206956,Settings (https://app.notion.com/p/Settings-14943b1db85c81148390c1de2da61e35?pvs=21),
A true friend never gets in your way unless you happen to be going down,Arnold H. Glasow,Dostluk,No,626,,1155784,Settings (https://app.notion.com/p/Settings-14943b1db85c81148390c1de2da61e35?pvs=21),
"It's not your salary that makes you rich, it's your spending habits.",Charles A. Jaffe,Bolluk&Bereket,No,624,,2238610,Settings (https://app.notion.com/p/Settings-14943b1db85c81148390c1de2da61e35?pvs=21),
Life isn't about finding yourself. Life is about creating yourself,George Bernard Shaw,Gelişim,No,628,,2302092,Settings (https://app.notion.com/p/Settings-14943b1db85c81148390c1de2da61e35?pvs=21),
The only real failure in life is not to be true to the best one knows,Buddha,Gelişim,No,629,,2360188,Settings (https://app.notion.com/p/Settings-14943b1db85c81148390c1de2da61e35?pvs=21),
"It is not the strongest of the species that survive, nor the most intelligent, but the one most responsive to change",Charles Darwin,Gelişim,No,638,,1369490,Settings (https://app.notion.com/p/Settings-14943b1db85c81148390c1de2da61e35?pvs=21),
"Progress is impossible without change, and those who cannot change their minds cannot change anything",George Bernard Shaw,Gelişim,No,640,,1161229,Settings (https://app.notion.com/p/Settings-14943b1db85c81148390c1de2da61e35?pvs=21),
Friends are the family you choose,Jess C. Scott,Dostluk,No,633,,2183746,Settings (https://app.notion.com/p/Settings-14943b1db85c81148390c1de2da61e35?pvs=21),
Growth begins when we start to accept our own weakness,Jean Vanier,Gelişim,No,641,,1098362,Settings (https://app.notion.com/p/Settings-14943b1db85c81148390c1de2da61e35?pvs=21),
"Money won't create success, the freedom to make it will.",Nelson Mandela,Bolluk&Bereket,No,634,,508338,Settings (https://app.notion.com/p/Settings-14943b1db85c81148390c1de2da61e35?pvs=21),
Wealth flows from energy and ideas.,William Feather,Bolluk&Bereket,No,636,,452066,Settings (https://app.notion.com/p/Settings-14943b1db85c81148390c1de2da61e35?pvs=21),
Wealth is not about having a lot of money; it’s about having a lot of options.,Chris Rock,Bolluk&Bereket,No,639,,1530808,Settings (https://app.notion.com/p/Settings-14943b1db85c81148390c1de2da61e35?pvs=21),
Opportunity is missed by most people because it is dressed in overalls and looks like work.,Thomas Edison,Bolluk&Bereket,No,632,,2435204,Settings (https://app.notion.com/p/Settings-14943b1db85c81148390c1de2da61e35?pvs=21),
"No wealth can buy the requisite leisure, freedom, and independence which are the capital in this profession.",Henry David Thoreau,Bolluk&Bereket,No,637,,2576930,Settings (https://app.notion.com/p/Settings-14943b1db85c81148390c1de2da61e35?pvs=21),
"It's not the man who has too little, but the man who craves more that is poor.",Lucius Annaeus Seneca,Bolluk&Bereket,No,635,,385498,Settings (https://app.notion.com/p/Settings-14943b1db85c81148390c1de2da61e35?pvs=21),
"Wealth is not his that has it, but his that enjoys it.",Benjamin Franklin,Bolluk&Bereket,No,642,,2683622,Settings (https://app.notion.com/p/Settings-14943b1db85c81148390c1de2da61e35?pvs=21),
"I would rather walk with a friend in the dark, than alone in the light",Helen Keller,Dostluk,No,645,,2357790,Settings (https://app.notion.com/p/Settings-14943b1db85c81148390c1de2da61e35?pvs=21),
"Growth means change and change involves risk, stepping from the known to the unknown",George Shinn,Gelişim,No,650,,2944736,Settings (https://app.notion.com/p/Settings-14943b1db85c81148390c1de2da61e35?pvs=21),
"The greatest gift of life is friendship, and I have received it",Hubert H. Humphrey,Dostluk,No,649,,798354,Settings (https://app.notion.com/p/Settings-14943b1db85c81148390c1de2da61e35?pvs=21),
The growth and development of people is the highest calling of leadership,Harvey S. Firestone,Gelişim,No,647,,1054506,Settings (https://app.notion.com/p/Settings-14943b1db85c81148390c1de2da61e35?pvs=21),
Become addicted to constant and never-ending self-improvement,Anthony J. D'Angelo,Gelişim,No,648,,2153948,Settings (https://app.notion.com/p/Settings-14943b1db85c81148390c1de2da61e35?pvs=21),
A friend is someone who knows all about you and still loves you,Elbert Hubbard,Dostluk,No,652,,1643450,Settings (https://app.notion.com/p/Settings-14943b1db85c81148390c1de2da61e35?pvs=21),
There are no strangers here; Only friends you haven’t yet met,William Butler Yeats,Dostluk,No,651,,2628416,Settings (https://app.notion.com/p/Settings-14943b1db85c81148390c1de2da61e35?pvs=21),
Do what you love and the money will follow.,Marsha Sinetar,Bolluk&Bereket,No,646,,2622880,Settings (https://app.notion.com/p/Settings-14943b1db85c81148390c1de2da61e35?pvs=21),
"There is no growth without change, and there is no change without fear or loss",Rick Warren,Gelişim,No,644,,1360646,Settings (https://app.notion.com/p/Settings-14943b1db85c81148390c1de2da61e35?pvs=21),
The key to growth is the introduction of higher dimensions of consciousness into our awareness,Lao Tzu,Gelişim,No,643,,2153954,Settings (https://app.notion.com/p/Settings-14943b1db85c81148390c1de2da61e35?pvs=21),
The expert in anything was once a beginner,Helen Hayes,Gelişim,No,653,,2301120,Settings (https://app.notion.com/p/Settings-14943b1db85c81148390c1de2da61e35?pvs=21),
What we fear doing most is usually what we most need to do,Tim Ferriss,Gelişim,No,662,,1822082,Settings (https://app.notion.com/p/Settings-14943b1db85c81148390c1de2da61e35?pvs=21),
"We find comfort among those who agree with us, growth among those who don't",Frank A. Clark,Gelişim,No,661,,2097434,Settings (https://app.notion.com/p/Settings-14943b1db85c81148390c1de2da61e35?pvs=21),
Friendship consists in forgetting what one gives and remembering what one receives,Alexander Dumas,Dostluk,No,656,,143906,Settings (https://app.notion.com/p/Settings-14943b1db85c81148390c1de2da61e35?pvs=21),
The real test of friendship is can you literally do nothing with the other person? Can you enjoy those moments of life that are utterly simple?,Eugene Kennedy,Dostluk,No,665,,2264642,Settings (https://app.notion.com/p/Settings-14943b1db85c81148390c1de2da61e35?pvs=21),
The only way around is through,Robert Frost,Gelişim,No,654,,196614,Settings (https://app.notion.com/p/Settings-14943b1db85c81148390c1de2da61e35?pvs=21),
One loyal friend is worth ten thousand relatives,Euripides,Dostluk,No,655,,1198730,Settings (https://app.notion.com/p/Settings-14943b1db85c81148390c1de2da61e35?pvs=21),
"True friends are never apart, maybe in distance but never in heart",Helen Keller,Dostluk,No,659,,1889600,Settings (https://app.notion.com/p/Settings-14943b1db85c81148390c1de2da61e35?pvs=21),
Empty pockets never held anyone back. Only empty heads and empty hearts can do that.,Norman Vincent Peale,Bolluk&Bereket,No,657,,2289038,Settings (https://app.notion.com/p/Settings-14943b1db85c81148390c1de2da61e35?pvs=21),
The best mirror is an old friend,George Herbert,Dostluk,No,658,,1566058,Settings (https://app.notion.com/p/Settings-14943b1db85c81148390c1de2da61e35?pvs=21),
"Wealth, in even the most improbable cases, manages to convey the aspect of intelligence.",John Kenneth Galbraith,Bolluk&Bereket,No,663,,1188122,Settings (https://app.notion.com/p/Settings-14943b1db85c81148390c1de2da61e35?pvs=21),
"A wise person should have money in their head, but not in their heart.",Jonathan Swift,Bolluk&Bereket,No,664,,1662068,Settings (https://app.notion.com/p/Settings-14943b1db85c81148390c1de2da61e35?pvs=21),
Friends are those rare people who ask how we are and then wait to hear the answer,Ed Cunningham,Dostluk,No,660,,2617232,Settings (https://app.notion.com/p/Settings-14943b1db85c81148390c1de2da61e35?pvs=21),
The secret to wealth is simple: find a way to do more for others than anyone else does.,Tony Robbins,Bolluk&Bereket,No,671,,1816694,Settings (https://app.notion.com/p/Settings-14943b1db85c81148390c1de2da61e35?pvs=21),
"Friends are born, not made",Henry Adams,Dostluk,No,673,,3036918,Settings (https://app.notion.com/p/Settings-14943b1db85c81148390c1de2da61e35?pvs=21),
Never spend your money before you have earned it.,Thomas Jefferson,Bolluk&Bereket,No,666,,2322330,Settings (https://app.notion.com/p/Settings-14943b1db85c81148390c1de2da61e35?pvs=21),
"The way to wealth depends on just two words, industry and frugality.",Benjamin Franklin,Bolluk&Bereket,No,672,,1424738,Settings (https://app.notion.com/p/Settings-14943b1db85c81148390c1de2da61e35?pvs=21),
"Wealth, after all, is a relative thing, since he that has little and wants less is richer than he that has much and wants more.",Charles Caleb Colton,Bolluk&Bereket,No,677,,2262860,Settings (https://app.notion.com/p/Settings-14943b1db85c81148390c1de2da61e35?pvs=21),
The only way to grow is to embrace challenges and learn from them,Carol Dweck,Gelişim,No,674,,33684,Settings (https://app.notion.com/p/Settings-14943b1db85c81148390c1de2da61e35?pvs=21),
"Don't go through life, grow through life",Eric Butterworth,Gelişim,No,668,,1501698,Settings (https://app.notion.com/p/Settings-14943b1db85c81148390c1de2da61e35?pvs=21),
"Life's challenges are not supposed to paralyze you, they're supposed to help you discover who you are",Bernice Johnson Reagon,Gelişim,No,667,,2970212,Settings (https://app.notion.com/p/Settings-14943b1db85c81148390c1de2da61e35?pvs=21),
The strongest principle of growth lies in human choice,George Eliot,Gelişim,No,670,,1507696,Settings (https://app.notion.com/p/Settings-14943b1db85c81148390c1de2da61e35?pvs=21),
A true friend is someone who is there for you when they’d rather be anywhere else,Len Wein,Dostluk,No,675,,276138,Settings (https://app.notion.com/p/Settings-14943b1db85c81148390c1de2da61e35?pvs=21),
Wealth is the product of man’s capacity to think.,Ayn Rand,Bolluk&Bereket,No,669,,2194246,Settings (https://app.notion.com/p/Settings-14943b1db85c81148390c1de2da61e35?pvs=21),
The best way to predict your future is to create it,Peter Drucker,Gelişim,No,676,,1231782,Settings (https://app.notion.com/p/Settings-14943b1db85c81148390c1de2da61e35?pvs=21),
"⠀En güzel anlar beklentisiz şekilde gerçekleşir. Hiç beklentin yokken çok şey alırsın, çok beklentin olur hiç bir şey akmaz.",Kutlu Bilge,İlham,Yes,678,14/11/2024,-1,Settings (https://app.notion.com/p/Settings-14943b1db85c81148390c1de2da61e35?pvs=21),
"⠀Çoğu insan şikayet ederek hem hastalıklara kapı açar hem de sonrasında o sıkıntılar geldiğinde abartır, büyütür ve çoğaltır.",Kutlu Bilge,Gelişim,No,679,19/11/2024,999999999999,Settings (https://app.notion.com/p/Settings-14943b1db85c81148390c1de2da61e35?pvs=21),
"⠀…Bu bir savaş değil, bu; mutlu ve mutsuz anların zaman zaman birbirinden daha fazla açığa çıkması…",Kutlu Bilge,Mutluluk,No,680,20/11/2024,999999999999,Settings (https://app.notion.com/p/Settings-14943b1db85c81148390c1de2da61e35?pvs=21),
⠀İnsan kendi üzerinde son nefesine kadar çalışması gereken bir varlıktır.,Kutlu Bilge,Gelişim,No,681,19/11/2024,999999999999,Settings (https://app.notion.com/p/Settings-14943b1db85c81148390c1de2da61e35?pvs=21),
"⠀…Atacağın bir adım seni zaten hedefe yaklaştıracak, onun için en uzağa değil; en yakına, tam adımı atacağın yere, önüne bakman yeterli…",Kutlu Bilge,Başarı,No,682,21/11/2024,-1,Settings (https://app.notion.com/p/Settings-14943b1db85c81148390c1de2da61e35?pvs=21),
"⠀…Aklına, ya da başına ne geliyorsa; ardındaki sebep, gizem veya amaç yaşadığın olaydan daha önemli; çözmeye odaklan…",Kutlu Bilge,Gelişim,No,683,22/11/2024,999999999999,Settings (https://app.notion.com/p/Settings-14943b1db85c81148390c1de2da61e35?pvs=21),
"⠀…Kontrol sadece Yaradan’a aittir. O’na bırakmak, O’na güvenmenin göstergesi ve ispatıdır…",Kutlu Bilge,Bilgelik,No,684,23/11/2024,-1,Settings (https://app.notion.com/p/Settings-14943b1db85c81148390c1de2da61e35?pvs=21),
"⠀…Bu içinde yaşadığını düşündüğün savaşı; zihnine kazınmış bütün inanç kalıplarını yok ettiğinde, ancak zafere ulaştırabileceksin…",Kutlu Bilge,Cesaret,No,685,25/11/2024,-1,Settings (https://app.notion.com/p/Settings-14943b1db85c81148390c1de2da61e35?pvs=21),
"⠀… Şimdi sen zor bir aşamadasın evet, ama inan bu seviyeye gelmeseydin, bu aşama karşına çıkmayacaktı…",Kutlu Bilge,Gelişim,No,686,25/11/2024,-1,Settings (https://app.notion.com/p/Settings-14943b1db85c81148390c1de2da61e35?pvs=21),
"⠀Bu hayat sadece bir kereliğine bu farkındalıkta olacak, tek şansın var; onu iyi kullan.",Kutlu Bilge,İlham,No,687,24/11/2024,-1,Settings (https://app.notion.com/p/Settings-14943b1db85c81148390c1de2da61e35?pvs=21),
"⠀…Onun için sen teslimiyeti ve yaşamayı bilen bir insan olarak kalmalısın, korkmadan ve ölümün karşısında dimdik durarak, ""Ben buradayım!"" diyerek. Korkmadığın her olgu, her olay senin gerçekten korkmadığını gördüğünde bir düşman gibi senden korkmaya başlayacaktır…",Kutlu Bilge,Cesaret,No,688,24/11/2024,999999999999,Settings (https://app.notion.com/p/Settings-14943b1db85c81148390c1de2da61e35?pvs=21),
⠀Dozunu sınırsız sandığın bir hazzın sende yaratacağı tek duygu hayal kırıklığıdır.,Kutlu Bilge,Mutluluk,No,689,26/11/2024,999999999999,Settings (https://app.notion.com/p/Settings-14943b1db85c81148390c1de2da61e35?pvs=21),
"⠀…Dengeli bir hayatın haricinde geçen zaman; sihir, büyü, sınav ve zorlukla geçer…",Kutlu Bilge,Mutluluk,No,690,27/11/2024,-1,Settings (https://app.notion.com/p/Settings-14943b1db85c81148390c1de2da61e35?pvs=21),
"⠀… Tüm sınavlar aşırılıktan gelir, onun için aşırı söylemlerden ve iddialardan kaçınmak gerekir…",Kutlu Bilge,Bilgelik,No,691,27/11/2024,-1,Settings (https://app.notion.com/p/Settings-14943b1db85c81148390c1de2da61e35?pvs=21),
⠀…Şimdi ilk defa kendi seçimlerinin ve söylemlerinin farkında; tamamen kendine ait bir hayattasın…,Kutlu Bilge,Bilgelik,No,692,28/11/2024,-1,Settings (https://app.notion.com/p/Settings-14943b1db85c81148390c1de2da61e35?pvs=21),
"⠀…insana tahammül dediğin şey, onu üzmeden, kırmadan hayır diyebilmende saklı. Bir çöplüğe dönüşmeden hayır de.",Kutlu Bilge,Bilgelik,No,693,30/11/2024,999999999999,Settings (https://app.notion.com/p/Settings-14943b1db85c81148390c1de2da61e35?pvs=21),
"⠀""Herkes bulamaz, ama arayanlar bulanlardır"" gibi bir söz vardır. Doğrusu Yunus’un dediği gibi ""…kendinde ara"" olacak. Çünkü ""herkes bulabilir ancak kendisinde aradığı sürece""…",Kutlu Bilge,Bilgelik,No,694,01/12/2024,-1,Settings (https://app.notion.com/p/Settings-14943b1db85c81148390c1de2da61e35?pvs=21),
"⠀…Oysa tümünü bir hulyadan, yalandan veya filmden ibaret olduğunu gördüğünde, dışarıdan bakıp mücadeleni ona göre verebilirsin…",Kutlu Bilge,Bilgelik,No,695,02/12/2024,999999999999,Settings (https://app.notion.com/p/Settings-14943b1db85c81148390c1de2da61e35?pvs=21),
"⠀…en kötü anlarında sabrettiklerinin ödülünü haftalar sonra alırsın, “bu onun ödülü müydü?"" diye farkında bile olmadan…",Kutlu Bilge,Cesaret,No,697,06/12/2024,999999999999,Settings (https://app.notion.com/p/Settings-14943b1db85c81148390c1de2da61e35?pvs=21),
"⠀girintiler, çıkıntılar, engeller; hepsi korkudan doğan belirsizliklerdir. Eline sazı alıp aksiyon aldığında hepsi birer çil yavrusu gibi dağılacaktır.",Kutlu Bilge,Cesaret,No,698,09/12/2024,999999999999,Settings (https://app.notion.com/p/Settings-14943b1db85c81148390c1de2da61e35?pvs=21),
"Ruhsal açıdan sıkıntı içinde olduğunuz zaman, birinin sizi yargılamadan, sizin için sorumluluk üstlenmeye, size şekil vermeye çalışmadan gerçekten duymasının müthiş bir his olduğuna şahitlik ederim!""",Carl Rogers,Dostluk,No,699,,2080758,Settings (https://app.notion.com/p/Settings-14943b1db85c81148390c1de2da61e35?pvs=21),Yarının İnsanı
"""En büyük ihmalkarlık, kendin için yapman gereken şeyleri ihmal etmendir.”",Kemal Ehliz,,No,700,,2695202,Settings (https://app.notion.com/p/Settings-14943b1db85c81148390c1de2da61e35?pvs=21),
"Sürü halinde ki insanların, değer yargıları yoktur. Aile ve toplumlarından bir doğruluk paketi alır ve onları asla sorgulamadan tüm hayatlarını, bir çarkın dişlisi olarak yaşarlar. ",Friedrich Nietzsche,Cesaret,No,701,,2501856,Settings (https://app.notion.com/p/Settings-14943b1db85c81148390c1de2da61e35?pvs=21),
"“Fiziksel ağrı çoğu kez bastırılmış duygusal acının bir ifadesidir.” ",Franz Ruppert,Gelişim,No,702,,1457390,Settings (https://app.notion.com/p/Settings-14943b1db85c81148390c1de2da61e35?pvs=21),"Travma, Bağlanma ve Aile Konstelasyonları s.25"
"Evrende sevginin gücünden daha büyük bir güç yoktur. Sevgiyi duyumsadığınızda, yayabileceğiniz en yüksek frekansı yayarsınız.",Rhonda Byrne,Sevgi,No,703,,2942996,Settings (https://app.notion.com/p/Settings-14943b1db85c81148390c1de2da61e35?pvs=21),
"Her kaybettiğin şey bir kayıp değildir.
Bazı şeyler bir özgürlüktür. Bazı şeyler ikinci bir şanstır. Bazı şeyler kılık değiştirmiş bir mucizedir. Bazı şeyler uzun zamandır ihtiyaç duyulan bir kopuştur, bulanık gözlere gelen bir netliktir. Bazı şeyler bir müdahaledir. Bazı şeyler uzun zamandır edilen bir duaya beklenmedik bir cevaptır.
Bazı seyler bir iyileşmedir. Bazı şeyler bir varoluştur. Bazı şeyler sen daha var olmadan çok önce planlanmıştır. Bazı şeyler bir yıkımdır, ama diğerleri bir tür hayati rehberliktir, ihtiyaç duyduğunu bile bilmediğin bir yönlendirmedir..”",Brianna Wiest,Gelişim,No,704,,391344,Settings (https://app.notion.com/p/Settings-14943b1db85c81148390c1de2da61e35?pvs=21),
"- Seni seviyorum.
+ Beni sevdiğine dair kanıt göster?
- Kanıt inancı öldürür. Eğer kanıt gösterirsem seni sevdiğimi bilirsin. Ben ""seni sevdiğimi bilmeni"" değil, ""seni sevdiğime inanmanı"" istiyorum..
+ Neden?
- Çünkü bilmek beyinle, inanmak kalple yapılan iştir.",,Sevgi,No,705,,2639414,Settings (https://app.notion.com/p/Settings-14943b1db85c81148390c1de2da61e35?pvs=21),Sweet November
"⠀%100 istersen olur, %99 istersen %1 gerçekleşir. Sızıntı asla olmamalı, tam inanç ve tam güven ile ne istiyorsan başarabilirsin.",Kutlu Bilge,Başarı,No,707,11/12/2024,999999999999,Settings (https://app.notion.com/p/Settings-14943b1db85c81148390c1de2da61e35?pvs=21),
"⠀An en önemli zamandır. ""Zaman"" kelimesinin içinde ""gelecek veya geçmiş"" geçmez. Sadece zam’an’ vardır. O yüzden ‘an’a odaklan…",Kutlu Bilge,Bilgelik,No,708,14/12/2024,999999999999,Settings (https://app.notion.com/p/Settings-14943b1db85c81148390c1de2da61e35?pvs=21),
"⠀Hiç bir gelişim sevgiyi olumsuz etkilemez. Zaten sevmiyorsan geliştikçe farkındalık artar ve bitmesi gereken mevzu cesaretin arttığı için biter. ",Kutlu Bilge,Sevgi,No,709,17/12/2024,-1,Settings (https://app.notion.com/p/Settings-14943b1db85c81148390c1de2da61e35?pvs=21),
⠀İç’e döndüğünde; dış dünyanın farkındalığı gelir. Çünkü dış dünya bahane olmaktan çıkar ve şikayet azalır. Verilen sınavlar ve gelen idrakler; her şey bunun üzerinedir.,Kutlu Bilge,Bilgelik,No,710,19/12/2024,999999999999,Settings (https://app.notion.com/p/Settings-14943b1db85c81148390c1de2da61e35?pvs=21),
⠀Her şey aksın. Tüm zehrini kelimeler ile akıt ve dök.,Kutlu Bilge,İlham,No,711,20/12/2024,-1,Settings (https://app.notion.com/p/Settings-14943b1db85c81148390c1de2da61e35?pvs=21),
⠀Değiştiğini kimseye ispat etmek zorunda değilsin…,Kutlu Bilge,Gelişim,No,712,20/12/2024,-1,Settings (https://app.notion.com/p/Settings-14943b1db85c81148390c1de2da61e35?pvs=21),
⠀Mutluluk şurada; istediğin zaman uzanıp al. Zaten öyle yapıyorsun.,Kutlu Bilge,Mutluluk,No,713,22/12/2024,999999999999,Settings (https://app.notion.com/p/Settings-14943b1db85c81148390c1de2da61e35?pvs=21),
⠀Hayat tecrübeleriyle bize yol gösteren bir navigasyon gibidir.,Kutlu Bilge,Gelişim,No,714,23/12/2024,999999999999,Settings (https://app.notion.com/p/Settings-14943b1db85c81148390c1de2da61e35?pvs=21),
⠀Hayatını; tamamen pür bir inanç ile derinden gelen düşüncelerin şekillendirir.,Kutlu Bilge,Cesaret,No,715,24/12/2024,999999999999,Settings (https://app.notion.com/p/Settings-14943b1db85c81148390c1de2da61e35?pvs=21),
"⠀Değişime açık olmak, onu kabul etmek; insanlar için en zor şeydir. Oysa sen çabalıyorsun ve değişiyorsun. Ve bu çaban takdir-e şayan.",Kutlu Bilge,Gelişim,No,716,24/12/2024,-1,Settings (https://app.notion.com/p/Settings-14943b1db85c81148390c1de2da61e35?pvs=21),
⠀Çaba ile hırs arasındaki nüans farkındalığı sana verilmiş özel bir hediyedir.,Kutlu Bilge,Bilgelik,No,717,24/12/2024,-1,Settings (https://app.notion.com/p/Settings-14943b1db85c81148390c1de2da61e35?pvs=21),
"⠀Harekete geçireceğin her soru ile bir cevap karşına çıkacak. Sırayla ve zamanla açılmasını istediğin tüm kapılar, anahtarının karşılığını vermek üzere açılacaktır.",Kutlu Bilge,Gelişim,No,718,25/12/2024,-1,Settings (https://app.notion.com/p/Settings-14943b1db85c81148390c1de2da61e35?pvs=21),
⠀Korku ondan kurtulman için vardır. En kolay yolu üzerine gitmektir.,Kutlu Bilge,Cesaret,No,719,25/12/2024,-1,Settings (https://app.notion.com/p/Settings-14943b1db85c81148390c1de2da61e35?pvs=21),
"⠀Oysaki nefsine hakim olman demek, duyguna hakim olan; sürekli bir farkındalık halinde olman demektir.",Kutlu Bilge,Bilgelik,No,720,05/01/2025,-1,Settings (https://app.notion.com/p/Settings-14943b1db85c81148390c1de2da61e35?pvs=21),
⠀Düşünmeyi bırak artık ve yap yapacağını. Aksiyon en güzel eylemdir; seni sonuca götürür.,Kutlu Bilge,Bilgelik,No,721,05/01/2025,999999999999,Settings (https://app.notion.com/p/Settings-14943b1db85c81148390c1de2da61e35?pvs=21),